# Made in Blockbench 5.1.4
mtllib materials.mtl

o cylinder
v 0.004349337047661203 -0.05271196536330537 0.045665572095217835
v 0.045235246720540995 0.052711965363305344 -0.0076179827821728045
v 0.20391861641163145 -0.33815238229755556 -0.36595634882133815
v 0.24480452608451125 -0.23272845157094485 -0.4192399036987288
v 0.03347298159219299 -0.3037240553633911 -0.4286258775963538
v 0.0743588912650728 -0.19830012463678037 -0.48190943247374435
v -0.14048539457853254 -0.23901996583131288 -0.43408885774226774
v -0.0995994849056528 -0.13359603510470217 -0.4873724126196583
v -0.2969745645821538 -0.1518443818295481 -0.38168637322848237
v -0.25608865490927407 -0.04642045110293738 -0.43496992810587304
v -0.4171196249820574 -0.052711965363305385 -0.2777389370656649
v -0.37623371530917765 0.05271196536330533 -0.33102249194305555
v -0.4864293083417695 0.04642045110293734 -0.1347841441558224
v -0.4455433986688897 0.15184438182954807 -0.18806769903321308
v -0.4965438439461242 0.13359603510470217 0.02993554768807362
v -0.45565793427324447 0.23901996583131288 -0.023348007189316997
v -0.44624326952658927 0.19830012463678037 0.19655251262590684
v -0.4053573598537094 0.3037240553633911 0.14326895774851622
v -0.3415945767155758 0.23272845157094485 0.34497028568166305
v -0.300708667042696 0.33815238229755556 0.2916867308042724
v -0.19521994231630901 0.23272845157094485 0.4572874930117739
v -0.1543340326434292 0.33815238229755556 0.4040039381343833
v -0.024774307496870554 0.19830012463678037 0.5199570217867896
v 0.01611160217600925 0.3037240553633911 0.4666734669093989
v 0.1491840686738548 0.1335960351047022 0.5254200019327033
v 0.19006997834673456 0.2390199658313129 0.4721364470553127
v 0.30567323867747603 0.046420451102937535 0.47301751741891823
v 0.3465591483503558 0.15184438182954824 0.41973396254152756
v 0.42581829907737984 -0.052711965363305316 0.36907008125610063
v 0.4667042087502596 0.0527119653633054 0.31578652637870996
v 0.4951279824370919 -0.15184438182954813 0.22611528834625794
v 0.5360138921099715 -0.046420451102937424 0.17283173346886727
v 0.5052425180414466 -0.23901996583131283 0.06139559650236219
v 0.5461284277143263 -0.1335960351047021 0.00811204162497152
v 0.4549419436219117 -0.30372405536339103 -0.10522136843547088
v 0.49582785329479157 -0.19830012463678032 -0.15850492331286148
v 0.35029325081089807 -0.33815238229755556 -0.2536391414912274
v 0.3911791604837779 -0.23272845157094485 -0.3069226963686181
vt 0.2138546875 0.9830390625000001
vt 0.1673328125 1
vt 0.142578125 0.859375
vt 0.6185046875 0.375
vt 0.668021875 0.375
vt 0.668021875 0.40625
vt 0.6185046875 0.40625
vt 0.3860828125 0.484375
vt 0.43260468750000003 0.5013359374999999
vt 0.361328125 0.625
vt 0.2517796875 0.9511609375
vt 0.2138546875 0.9830390625000001
vt 0.142578125 0.859375
vt 0.668021875 0.375
vt 0.7175640624999999 0.375
vt 0.7175640624999999 0.40625
vt 0.668021875 0.40625
vt 0.43260468750000003 0.5013359374999999
vt 0.4705296875 0.5332140625
vt 0.361328125 0.625
vt 0.276534375 0.9082140625
vt 0.2517796875 0.9511609375
vt 0.142578125 0.859375
vt 0.71875 0.375
vt 0.7683203125 0.375
vt 0.7683203125 0.40625
vt 0.71875 0.40625
vt 0.4705296875 0.5332140625
vt 0.495284375 0.5761609375
vt 0.361328125 0.625
vt 0.28513125 0.859375
vt 0.276534375 0.9082140625
vt 0.142578125 0.859375
vt 0.7683203125 0.375
vt 0.8179109375 0.375
vt 0.8179109375 0.40625
vt 0.7683203125 0.40625
vt 0.495284375 0.5761609375
vt 0.5038812500000001 0.625
vt 0.361328125 0.625
vt 0.276534375 0.8105359375
vt 0.28513125 0.859375
vt 0.142578125 0.859375
vt 0.8179109375 0.375
vt 0.8675015625 0.375
vt 0.8675015625 0.40625
vt 0.8179109375 0.40625
vt 0.5038812500000001 0.625
vt 0.495284375 0.6738390625
vt 0.361328125 0.625
vt 0.2517796875 0.7675890625
vt 0.276534375 0.8105359375
vt 0.142578125 0.859375
vt 0.8675015625 0.375
vt 0.917071875 0.375
vt 0.917071875 0.40625
vt 0.8675015625 0.40625
vt 0.495284375 0.6738390625
vt 0.4705296875 0.7167859375
vt 0.361328125 0.625
vt 0.2138546875 0.7357109374999999
vt 0.2517796875 0.7675890625
vt 0.142578125 0.859375
vt 0.016810937500000067 0.375
vt 0.06635312500000001 0.375
vt 0.06635312500000001 0.40625
vt 0.016810937500000067 0.40625
vt 0.4705296875 0.7167859375
vt 0.43260468750000003 0.7486640625000001
vt 0.361328125 0.625
vt 0.16733281249999998 0.71875
vt 0.2138546875 0.7357109374999999
vt 0.142578125 0.859375
vt 0.06635312500000001 0.375
vt 0.11587031250000002 0.375
vt 0.11587031250000002 0.40625
vt 0.06635312500000001 0.40625
vt 0.43260468750000003 0.7486640625000001
vt 0.3860828125 0.765625
vt 0.361328125 0.625
vt 0.11782343749999999 0.71875
vt 0.16733281249999998 0.71875
vt 0.142578125 0.859375
vt 0.11587031250000002 0.375
vt 0.16537968749999998 0.375
vt 0.16537968749999998 0.40625
vt 0.11587031250000002 0.40625
vt 0.3860828125 0.765625
vt 0.3365734375 0.765625
vt 0.361328125 0.625
vt 0.0713015625 0.7357109374999999
vt 0.11782343749999999 0.71875
vt 0.142578125 0.859375
vt 0.16537968749999998 0.375
vt 0.214896875 0.375
vt 0.214896875 0.40625
vt 0.16537968749999998 0.40625
vt 0.3365734375 0.765625
vt 0.29005156249999997 0.7486640625000001
vt 0.361328125 0.625
vt 0.0333765625 0.7675890625
vt 0.0713015625 0.7357109374999999
vt 0.142578125 0.859375
vt 0.214896875 0.375
vt 0.26443906249999993 0.375
vt 0.26443906249999993 0.40625
vt 0.214896875 0.40625
vt 0.29005156249999997 0.7486640625000001
vt 0.2521265625 0.7167859375
vt 0.361328125 0.625
vt 0.008621875000000001 0.8105359375
vt 0.0333765625 0.7675890625
vt 0.142578125 0.859375
vt 0.265625 0.375
vt 0.3151953125 0.375
vt 0.3151953125 0.40625
vt 0.265625 0.40625
vt 0.2521265625 0.7167859375
vt 0.227371875 0.6738390625
vt 0.361328125 0.625
vt 0.000024999999999997247 0.859375
vt 0.008621875000000001 0.8105359375
vt 0.142578125 0.859375
vt 0.3151953125 0.375
vt 0.3647859375 0.375
vt 0.3647859375 0.40625
vt 0.3151953125 0.40625
vt 0.227371875 0.6738390625
vt 0.218775 0.625
vt 0.361328125 0.625
vt 0.008621875000000001 0.9082140625
vt 0.000024999999999997247 0.859375
vt 0.142578125 0.859375
vt 0.3647859375 0.375
vt 0.4143765625 0.375
vt 0.4143765625 0.40625
vt 0.3647859375 0.40625
vt 0.218775 0.625
vt 0.227371875 0.5761609375
vt 0.361328125 0.625
vt 0.0333765625 0.9511609375
vt 0.008621875000000001 0.9082140625
vt 0.142578125 0.859375
vt 0.4143765625 0.375
vt 0.463946875 0.375
vt 0.463946875 0.40625
vt 0.4143765625 0.40625
vt 0.227371875 0.5761609375
vt 0.2521265625 0.5332140625
vt 0.361328125 0.625
vt 0.0713015625 0.9830390625000001
vt 0.0333765625 0.9511609375
vt 0.142578125 0.859375
vt 0.46993593750000007 0.375
vt 0.519478125 0.375
vt 0.519478125 0.40625
vt 0.46993593750000007 0.40625
vt 0.2521265625 0.5332140625
vt 0.29005156249999997 0.5013359374999999
vt 0.361328125 0.625
vt 0.1178234375 1
vt 0.0713015625 0.9830390625000001
vt 0.142578125 0.859375
vt 0.519478125 0.375
vt 0.5689953125 0.375
vt 0.5689953125 0.40625
vt 0.519478125 0.40625
vt 0.29005156249999997 0.5013359374999999
vt 0.3365734375 0.484375
vt 0.361328125 0.625
vt 0.1673328125 1
vt 0.1178234375 1
vt 0.142578125 0.859375
vt 0.5689953125 0.375
vt 0.6185046875 0.375
vt 0.6185046875 0.40625
vt 0.5689953125 0.40625
vt 0.3365734375 0.484375
vt 0.3860828125 0.484375
vt 0.361328125 0.625
vn -0.3270872773830384 -0.8433914458128857 0.42626843901912526
vn 0.20655691060157683 -0.5039808248242844 -0.8386522347744424
vn 0.3270872773830384 0.8433914458128857 -0.42626843901912526
vn -0.3270872773830384 -0.8433914458128857 0.42626843901912526
vn -0.1237267061866581 -0.40897687544066713 -0.9041181435691851
vn 0.3270872773830384 0.8433914458128857 -0.42626843901912526
vn -0.3270872773830384 -0.8433914458128857 0.42626843901912526
vn -0.4358981899342583 -0.2655712979296792 -0.8599213067065978
vn 0.3270872773830384 0.8433914458128857 -0.42626843901912526
vn -0.3270872773830384 -0.8433914458128857 0.42626843901912526
vn -0.6938153100613501 -0.09192544540743736 -0.7142618763528661
vn 0.3270872773830384 0.8433914458128857 -0.42626843901912526
vn -0.3270872773830384 -0.8433914458128857 0.42626843901912526
vn -0.8694966091305104 0.09192544540743698 -0.4853095498722323
vn 0.3270872773830384 0.8433914458128857 -0.42626843901912526
vn -0.3270872773830384 -0.8433914458128857 0.42626843901912526
vn -0.9434389520048481 0.2655712979296794 -0.1984813078250437
vn 0.3270872773830384 0.8433914458128857 -0.42626843901912526
vn -0.3270872773830384 -0.8433914458128857 0.42626843901912526
vn -0.9053338928389145 0.408976875440667 0.11449217367106787
vn 0.3270872773830384 0.8433914458128857 -0.42626843901912526
vn -0.3270872773830384 -0.8433914458128857 0.42626843901912526
vn -0.7566149904824502 0.5039808248242842 0.4165778251259614
vn 0.3270872773830384 0.8433914458128857 -0.42626843901912526
vn -0.3270872773830384 -0.8433914458128857 0.42626843901912526
vn -0.5134241817667833 0.5372996083468239 0.6691074207087072
vn 0.3270872773830384 0.8433914458128857 -0.42626843901912526
vn -0.3270872773830384 -0.8433914458128857 0.42626843901912526
vn -0.20655691060157683 0.5039808248242843 0.8386522347744422
vn 0.3270872773830384 0.8433914458128857 -0.42626843901912526
vn -0.3270872773830384 -0.8433914458128857 0.42626843901912526
vn 0.12372670618665857 0.40897687544066685 0.904118143569185
vn 0.3270872773830384 0.8433914458128857 -0.42626843901912526
vn -0.3270872773830384 -0.8433914458128857 0.42626843901912526
vn 0.4358981899342578 0.2655712979296795 0.859921306706598
vn 0.3270872773830384 0.8433914458128857 -0.42626843901912526
vn -0.3270872773830384 -0.8433914458128857 0.42626843901912526
vn 0.6938153100613498 0.09192544540743754 0.7142618763528663
vn 0.3270872773830384 0.8433914458128857 -0.42626843901912526
vn -0.3270872773830384 -0.8433914458128857 0.42626843901912526
vn 0.8694966091305105 -0.0919254454074372 0.485309549872232
vn 0.3270872773830384 0.8433914458128857 -0.42626843901912526
vn -0.3270872773830384 -0.8433914458128857 0.42626843901912526
vn 0.9434389520048481 -0.2655712979296794 0.1984813078250437
vn 0.3270872773830384 0.8433914458128857 -0.42626843901912526
vn -0.3270872773830384 -0.8433914458128857 0.42626843901912526
vn 0.9053338928389146 -0.40897687544066685 -0.11449217367106737
vn 0.3270872773830384 0.8433914458128857 -0.42626843901912526
vn -0.3270872773830384 -0.8433914458128857 0.42626843901912526
vn 0.7566149904824502 -0.5039808248242842 -0.4165778251259613
vn 0.3270872773830384 0.8433914458128857 -0.42626843901912526
vn -0.3270872773830384 -0.8433914458128857 0.42626843901912526
vn 0.5134241817667833 -0.5372996083468239 -0.6691074207087072
vn 0.3270872773830384 0.8433914458128857 -0.42626843901912526
usemtl m_ad4e6950-c92a-085a-4b7a-01773908b222
f 5/1/1 3/2/1 1/3/1
f 3/4/2 5/5/2 6/6/2 4/7/2
f 4/8/3 6/9/3 2/10/3
f 7/11/4 5/12/4 1/13/4
f 5/14/5 7/15/5 8/16/5 6/17/5
f 6/18/6 8/19/6 2/20/6
f 9/21/7 7/22/7 1/23/7
f 7/24/8 9/25/8 10/26/8 8/27/8
f 8/28/9 10/29/9 2/30/9
f 11/31/10 9/32/10 1/33/10
f 9/34/11 11/35/11 12/36/11 10/37/11
f 10/38/12 12/39/12 2/40/12
f 13/41/13 11/42/13 1/43/13
f 11/44/14 13/45/14 14/46/14 12/47/14
f 12/48/15 14/49/15 2/50/15
f 15/51/16 13/52/16 1/53/16
f 13/54/17 15/55/17 16/56/17 14/57/17
f 14/58/18 16/59/18 2/60/18
f 17/61/19 15/62/19 1/63/19
f 15/64/20 17/65/20 18/66/20 16/67/20
f 16/68/21 18/69/21 2/70/21
f 19/71/22 17/72/22 1/73/22
f 17/74/23 19/75/23 20/76/23 18/77/23
f 18/78/24 20/79/24 2/80/24
f 21/81/25 19/82/25 1/83/25
f 19/84/26 21/85/26 22/86/26 20/87/26
f 20/88/27 22/89/27 2/90/27
f 23/91/28 21/92/28 1/93/28
f 21/94/29 23/95/29 24/96/29 22/97/29
f 22/98/30 24/99/30 2/100/30
f 25/101/31 23/102/31 1/103/31
f 23/104/32 25/105/32 26/106/32 24/107/32
f 24/108/33 26/109/33 2/110/33
f 27/111/34 25/112/34 1/113/34
f 25/114/35 27/115/35 28/116/35 26/117/35
f 26/118/36 28/119/36 2/120/36
f 29/121/37 27/122/37 1/123/37
f 27/124/38 29/125/38 30/126/38 28/127/38
f 28/128/39 30/129/39 2/130/39
f 31/131/40 29/132/40 1/133/40
f 29/134/41 31/135/41 32/136/41 30/137/41
f 30/138/42 32/139/42 2/140/42
f 33/141/43 31/142/43 1/143/43
f 31/144/44 33/145/44 34/146/44 32/147/44
f 32/148/45 34/149/45 2/150/45
f 35/151/46 33/152/46 1/153/46
f 33/154/47 35/155/47 36/156/47 34/157/47
f 34/158/48 36/159/48 2/160/48
f 37/161/49 35/162/49 1/163/49
f 35/164/50 37/165/50 38/166/50 36/167/50
f 36/168/51 38/169/51 2/170/51
f 3/171/52 37/172/52 1/173/52
f 37/174/53 3/175/53 4/176/53 38/177/53
f 38/178/54 4/179/54 2/180/54
o cylinder
v -0.02394951169471942 -0.09156223249371233 0.04431554449290033
v -0.014098077618325617 0.09156223249371233 0.005269039275301864
v 0.13998895419658594 -0.20029243816160908 -0.424257293194677
v 0.14984038827297974 -0.017167973174184434 -0.4633037984122755
v -0.038302208422952067 -0.1974820407015187 -0.4560596554483223
v -0.028450774346558235 -0.014357575714094031 -0.4951061606659208
v -0.21486222399382135 -0.18189615116168423 -0.42750938383760295
v -0.20501078991742758 0.001228313825740443 -0.4665558890552014
v -0.3683953488898652 -0.15541465784384115 -0.34205006247590514
v -0.3585439148134714 0.02770980714358351 -0.3810965676935036
v -0.48038322234102326 -0.12123161966733871 -0.20998934676470657
v -0.4705317882646295 0.061892845320085946 -0.24903585198230502
v -0.537318454044098 -0.08347001552417707 -0.04725570802736621
v -0.5274670199677042 0.09965444946324759 -0.08630221324496468
v -0.5323338147811706 -0.04668445217594437 0.12652277521167224
v -0.5224823807047768 0.13644001281148027 0.08747626999407379
v -0.4660305256127906 -0.015311811459532323 0.2903858531765161
v -0.4561790915363968 0.16781265352789232 0.25133934795891766
v -0.3464057417449962 0.006863903143794786 0.42456922030313693
v -0.33655430766860245 0.18998836813121944 0.3855227150855385
v -0.18788797758602477 0.017167973174184434 0.5128883821804777
v -0.17803654350963097 0.20029243816160908 0.4738418769628792
v -0.00959681496648673 0.014357575714094031 0.544690744434123
v 0.0002546191099070984 0.1974820407015187 0.5056442392165245
v 0.16696320060438236 -0.001228313825740443 0.5161404728234036
v 0.17681463468077613 0.18189615116168423 0.47709396760580514
v 0.32049632550042606 -0.027709807143583454 0.430681151461706
v 0.33034775957681983 0.1554146578438412 0.39163464624410754
v 0.43248419895158435 -0.061892845320085946 0.29862043575050723
v 0.4423356330279781 0.12123161966733871 0.2595739305329088
v 0.48941943065465915 -0.09965444946324761 0.13588679701316675
v 0.4992708647310529 0.08347001552417704 0.0968402917955683
v 0.4844347913917318 -0.13644001281148027 -0.03789168622587142
v 0.49428622546812556 0.0466844521759444 -0.07693819144346986
v 0.41813150222335177 -0.16781265352789226 -0.2017547641907151
v 0.42798293629974565 0.015311811459532379 -0.24080126940831356
v 0.2985067183555572 -0.18998836813121944 -0.33593813131733635
v 0.308358152431951 -0.0068639031437948 -0.3749846365349348
vt 0.2138546875 0.9830390625000001
vt 0.1673328125 1
vt 0.142578125 0.859375
vt 0.18100468749999998 0.375
vt 0.230521875 0.375
vt 0.230521875 0.40625
vt 0.18100468749999998 0.40625
vt 0.3860828125 0.484375
vt 0.43260468750000003 0.5013359374999999
vt 0.361328125 0.625
vt 0.2517796875 0.9511609375
vt 0.2138546875 0.9830390625000001
vt 0.142578125 0.859375
vt 0.230521875 0.375
vt 0.28006406249999993 0.375
vt 0.28006406249999993 0.40625
vt 0.230521875 0.40625
vt 0.43260468750000003 0.5013359374999999
vt 0.4705296875 0.5332140625
vt 0.361328125 0.625
vt 0.276534375 0.9082140625
vt 0.2517796875 0.9511609375
vt 0.142578125 0.859375
vt 0.28125 0.375
vt 0.3308203125 0.375
vt 0.3308203125 0.40625
vt 0.28125 0.40625
vt 0.4705296875 0.5332140625
vt 0.495284375 0.5761609375
vt 0.361328125 0.625
vt 0.28513125 0.859375
vt 0.276534375 0.9082140625
vt 0.142578125 0.859375
vt 0.3308203125 0.375
vt 0.3804109375 0.375
vt 0.3804109375 0.40625
vt 0.3308203125 0.40625
vt 0.495284375 0.5761609375
vt 0.5038812500000001 0.625
vt 0.361328125 0.625
vt 0.276534375 0.8105359375
vt 0.28513125 0.859375
vt 0.142578125 0.859375
vt 0.3804109375 0.375
vt 0.4300015625 0.375
vt 0.4300015625 0.40625
vt 0.3804109375 0.40625
vt 0.5038812500000001 0.625
vt 0.495284375 0.6738390625
vt 0.361328125 0.625
vt 0.2517796875 0.7675890625
vt 0.276534375 0.8105359375
vt 0.142578125 0.859375
vt 0.4300015625 0.375
vt 0.479571875 0.375
vt 0.479571875 0.40625
vt 0.4300015625 0.40625
vt 0.495284375 0.6738390625
vt 0.4705296875 0.7167859375
vt 0.361328125 0.625
vt 0.2138546875 0.7357109374999999
vt 0.2517796875 0.7675890625
vt 0.142578125 0.859375
vt 0.48556093750000007 0.375
vt 0.535103125 0.375
vt 0.535103125 0.40625
vt 0.48556093750000007 0.40625
vt 0.4705296875 0.7167859375
vt 0.43260468750000003 0.7486640625000001
vt 0.361328125 0.625
vt 0.16733281249999998 0.71875
vt 0.2138546875 0.7357109374999999
vt 0.142578125 0.859375
vt 0.535103125 0.375
vt 0.5846203125 0.375
vt 0.5846203125 0.40625
vt 0.535103125 0.40625
vt 0.43260468750000003 0.7486640625000001
vt 0.3860828125 0.765625
vt 0.361328125 0.625
vt 0.11782343749999999 0.71875
vt 0.16733281249999998 0.71875
vt 0.142578125 0.859375
vt 0.5846203125 0.375
vt 0.6341296875 0.375
vt 0.6341296875 0.40625
vt 0.5846203125 0.40625
vt 0.3860828125 0.765625
vt 0.3365734375 0.765625
vt 0.361328125 0.625
vt 0.0713015625 0.7357109374999999
vt 0.11782343749999999 0.71875
vt 0.142578125 0.859375
vt 0.6341296875 0.375
vt 0.683646875 0.375
vt 0.683646875 0.40625
vt 0.6341296875 0.40625
vt 0.3365734375 0.765625
vt 0.29005156249999997 0.7486640625000001
vt 0.361328125 0.625
vt 0.0333765625 0.7675890625
vt 0.0713015625 0.7357109374999999
vt 0.142578125 0.859375
vt 0.683646875 0.375
vt 0.7331890624999999 0.375
vt 0.7331890624999999 0.40625
vt 0.683646875 0.40625
vt 0.29005156249999997 0.7486640625000001
vt 0.2521265625 0.7167859375
vt 0.361328125 0.625
vt 0.008621875000000001 0.8105359375
vt 0.0333765625 0.7675890625
vt 0.142578125 0.859375
vt 0.734375 0.375
vt 0.7839453125 0.375
vt 0.7839453125 0.40625
vt 0.734375 0.40625
vt 0.2521265625 0.7167859375
vt 0.227371875 0.6738390625
vt 0.361328125 0.625
vt 0.000024999999999997247 0.859375
vt 0.008621875000000001 0.8105359375
vt 0.142578125 0.859375
vt 0.7839453125 0.375
vt 0.8335359375 0.375
vt 0.8335359375 0.40625
vt 0.7839453125 0.40625
vt 0.227371875 0.6738390625
vt 0.218775 0.625
vt 0.361328125 0.625
vt 0.008621875000000001 0.9082140625
vt 0.000024999999999997247 0.859375
vt 0.142578125 0.859375
vt 0.8335359375 0.375
vt 0.8831265625 0.375
vt 0.8831265625 0.40625
vt 0.8335359375 0.40625
vt 0.218775 0.625
vt 0.227371875 0.5761609375
vt 0.361328125 0.625
vt 0.0333765625 0.9511609375
vt 0.008621875000000001 0.9082140625
vt 0.142578125 0.859375
vt 0.8831265625 0.375
vt 0.932696875 0.375
vt 0.932696875 0.40625
vt 0.8831265625 0.40625
vt 0.227371875 0.5761609375
vt 0.2521265625 0.5332140625
vt 0.361328125 0.625
vt 0.0713015625 0.9830390625000001
vt 0.0333765625 0.9511609375
vt 0.142578125 0.859375
vt 0.03243593750000001 0.375
vt 0.08197812500000001 0.375
vt 0.08197812500000001 0.40625
vt 0.03243593750000001 0.40625
vt 0.2521265625 0.5332140625
vt 0.29005156249999997 0.5013359374999999
vt 0.361328125 0.625
vt 0.1178234375 1
vt 0.0713015625 0.9830390625000001
vt 0.142578125 0.859375
vt 0.08197812500000001 0.375
vt 0.13149531250000002 0.375
vt 0.13149531250000002 0.40625
vt 0.08197812500000001 0.40625
vt 0.29005156249999997 0.5013359374999999
vt 0.3365734375 0.484375
vt 0.361328125 0.625
vt 0.1673328125 1
vt 0.1178234375 1
vt 0.142578125 0.859375
vt 0.13149531250000002 0.375
vt 0.18100468749999998 0.375
vt 0.18100468749999998 0.40625
vt 0.13149531250000002 0.40625
vt 0.3365734375 0.484375
vt 0.3860828125 0.484375
vt 0.361328125 0.625
vn -0.052540981740767004 -0.9766638132662648 0.20824802782719185
vn 0.16825177594333054 -0.2142126153468336 -0.9621872454559898
vn 0.052540981740767004 0.9766638132662648 -0.20824802782719185
vn -0.052540981740767004 -0.9766638132662648 0.20824802782719185
vn -0.17339457257856258 -0.19644608793230342 -0.9650612709752637
vn 0.052540981740767004 0.9766638132662648 -0.20824802782719185
vn -0.052540981740767004 -0.9766638132662648 0.20824802782719185
vn -0.5007325515234116 -0.15465946154380136 -0.851673272329146
vn 0.052540981740767004 0.9766638132662648 -0.20824802782719185
vn -0.052540981740767004 -0.9766638132662648 0.20824802782719185
vn -0.7711208618988286 -0.09282322548856815 -0.6298860731547462
vn 0.052540981740767004 0.9766638132662648 -0.20824802782719185
vn -0.052540981740767004 -0.9766638132662648 0.20824802782719185
vn -0.9450787789561 -0.01873424808117188 -0.3263052704380977
vn 0.052540981740767004 0.9766638132662648 -0.20824802782719185
vn -0.052540981740767004 -0.9766638132662648 0.20824802782719185
vn -0.9982247174105043 0.05722331138357642 0.016519872427381673
vn 0.052540981740767004 0.9766638132662648 -0.20824802782719185
vn -0.052540981740767004 -0.9766638132662648 0.20824802782719185
vn -0.9278184727479517 0.12486435450560943 0.351513548247512
vn 0.052540981740767004 0.9766638132662648 -0.20824802782719185
vn -0.052540981740767004 -0.9766638132662648 0.20824802782719185
vn -0.7490325081169033 0.17646034595060409 0.6386016348954132
vn 0.052540981740767004 0.9766638132662648 -0.20824802782719185
vn -0.052540981740767004 -0.9766638132662648 0.20824802782719185
vn -0.4863946959415823 0.20715634130540383 0.8488265134978141
vn 0.052540981740767004 0.9766638132662648 -0.20824802782719185
vn -0.052540981740767004 -0.9766638132662648 0.20824802782719185
vn -0.16825177594333032 0.21421261534683356 0.9621872454559897
vn 0.052540981740767004 0.9766638132662648 -0.20824802782719185
vn -0.052540981740767004 -0.9766638132662648 0.20824802782719185
vn 0.1733945725785629 0.19644608793230345 0.9650612709752637
vn 0.052540981740767004 0.9766638132662648 -0.20824802782719185
vn -0.052540981740767004 -0.9766638132662648 0.20824802782719185
vn 0.5007325515234109 0.15465946154380147 0.8516732723291464
vn 0.052540981740767004 0.9766638132662648 -0.20824802782719185
vn -0.052540981740767004 -0.9766638132662648 0.20824802782719185
vn 0.7711208618988283 0.09282322548856822 0.6298860731547465
vn 0.052540981740767004 0.9766638132662648 -0.20824802782719185
vn -0.052540981740767004 -0.9766638132662648 0.20824802782719185
vn 0.9450787789561002 0.018734248081171852 0.32630527043809765
vn 0.052540981740767004 0.9766638132662648 -0.20824802782719185
vn -0.052540981740767004 -0.9766638132662648 0.20824802782719185
vn 0.9982247174105043 -0.057223311383576454 -0.016519872427381836
vn 0.052540981740767004 0.9766638132662648 -0.20824802782719185
vn -0.052540981740767004 -0.9766638132662648 0.20824802782719185
vn 0.9278184727479517 -0.12486435450560943 -0.3515135482475119
vn 0.052540981740767004 0.9766638132662648 -0.20824802782719185
vn -0.052540981740767004 -0.9766638132662648 0.20824802782719185
vn 0.7490325081169037 -0.17646034595060403 -0.6386016348954129
vn 0.052540981740767004 0.9766638132662648 -0.20824802782719185
vn -0.052540981740767004 -0.9766638132662648 0.20824802782719185
vn 0.4863946959415823 -0.20715634130540383 -0.8488265134978141
vn 0.052540981740767004 0.9766638132662648 -0.20824802782719185
usemtl m_c1f1f44c-f1af-95c8-1023-778975c87efe
f 43/181/55 41/182/55 39/183/55
f 41/184/56 43/185/56 44/186/56 42/187/56
f 42/188/57 44/189/57 40/190/57
f 45/191/58 43/192/58 39/193/58
f 43/194/59 45/195/59 46/196/59 44/197/59
f 44/198/60 46/199/60 40/200/60
f 47/201/61 45/202/61 39/203/61
f 45/204/62 47/205/62 48/206/62 46/207/62
f 46/208/63 48/209/63 40/210/63
f 49/211/64 47/212/64 39/213/64
f 47/214/65 49/215/65 50/216/65 48/217/65
f 48/218/66 50/219/66 40/220/66
f 51/221/67 49/222/67 39/223/67
f 49/224/68 51/225/68 52/226/68 50/227/68
f 50/228/69 52/229/69 40/230/69
f 53/231/70 51/232/70 39/233/70
f 51/234/71 53/235/71 54/236/71 52/237/71
f 52/238/72 54/239/72 40/240/72
f 55/241/73 53/242/73 39/243/73
f 53/244/74 55/245/74 56/246/74 54/247/74
f 54/248/75 56/249/75 40/250/75
f 57/251/76 55/252/76 39/253/76
f 55/254/77 57/255/77 58/256/77 56/257/77
f 56/258/78 58/259/78 40/260/78
f 59/261/79 57/262/79 39/263/79
f 57/264/80 59/265/80 60/266/80 58/267/80
f 58/268/81 60/269/81 40/270/81
f 61/271/82 59/272/82 39/273/82
f 59/274/83 61/275/83 62/276/83 60/277/83
f 60/278/84 62/279/84 40/280/84
f 63/281/85 61/282/85 39/283/85
f 61/284/86 63/285/86 64/286/86 62/287/86
f 62/288/87 64/289/87 40/290/87
f 65/291/88 63/292/88 39/293/88
f 63/294/89 65/295/89 66/296/89 64/297/89
f 64/298/90 66/299/90 40/300/90
f 67/301/91 65/302/91 39/303/91
f 65/304/92 67/305/92 68/306/92 66/307/92
f 66/308/93 68/309/93 40/310/93
f 69/311/94 67/312/94 39/313/94
f 67/314/95 69/315/95 70/316/95 68/317/95
f 68/318/96 70/319/96 40/320/96
f 71/321/97 69/322/97 39/323/97
f 69/324/98 71/325/98 72/326/98 70/327/98
f 70/328/99 72/329/99 40/330/99
f 73/331/100 71/332/100 39/333/100
f 71/334/101 73/335/101 74/336/101 72/337/101
f 72/338/102 74/339/102 40/340/102
f 75/341/103 73/342/103 39/343/103
f 73/344/104 75/345/104 76/346/104 74/347/104
f 74/348/105 76/349/105 40/350/105
f 41/351/106 75/352/106 39/353/106
f 75/354/107 41/355/107 42/356/107 76/357/107
f 76/358/108 42/359/108 40/360/108
o sphere
v 0 -0.3125 0
v 0 0.3125 0
v 0.10633019620800818 0.2936539439955964 0.016191971226487443
v 0.19983540148676612 0.23938888847468062 0.030430951755016013
v 0.2692375080897988 0.15625000000000003 0.04099951038887363
v 0.3061655976947743 0.054265055520915755 0.04662292298150346
v 0.3061655976947743 -0.05426505552091572 0.04662292298150346
v 0.26923750808979885 -0.15624999999999994 0.040999510388873645
v 0.19983540148676618 -0.2393888884746806 0.030430951755016013
v 0.10633019620800822 -0.29365394399559636 0.01619197122648745
v 0.10562093760901584 0.2936539439955964 -0.021452815976915313
v 0.198502431343362 0.23938888847468062 -0.0403181057371707
v 0.26744160227382163 0.15625000000000003 -0.05432043691365532
v 0.30412336895237785 0.054265055520915755 -0.06177092171408602
v 0.30412336895237785 -0.05426505552091572 -0.06177092171408602
v 0.26744160227382163 -0.15624999999999994 -0.05432043691365533
v 0.19850243134336204 -0.2393888884746806 -0.04031810573717072
v 0.10562093760901589 -0.29365394399559636 -0.02145281597691532
v 0.09217223513535383 0.2936539439955964 -0.05651007696365819
v 0.17322713839607123 0.23938888847468062 -0.10620420464558665
v 0.2333882922059411 0.15625000000000003 -0.14308853784013043
v 0.26539937353142506 0.054265055520915755 -0.16271428160924484
v 0.26539937353142506 -0.05426505552091572 -0.16271428160924484
v 0.23338829220594112 -0.15624999999999994 -0.14308853784013043
v 0.1732271383960713 -0.2393888884746806 -0.10620420464558669
v 0.09217223513535387 -0.29365394399559636 -0.0565100769636582
v 0.06760620078705543 0.2936539439955964 -0.08475138866867135
v 0.12705809599793289 0.23938888847468062 -0.1592805090666178
v 0.1711849096536748 0.15625000000000003 -0.2145980493411762
v 0.1946642967849883 0.054265055520915755 -0.24403189773528916
v 0.1946642967849883 -0.05426505552091572 -0.24403189773528916
v 0.17118490965367483 -0.15624999999999994 -0.2145980493411762
v 0.12705809599793294 -0.2393888884746806 -0.15928050906661786
v 0.06760620078705545 -0.29365394399559636 -0.08475138866867139
v 0.03488586086257907 0.2936539439955964 -0.10277043210295968
v 0.06556397204465896 0.23938888847468062 -0.19314523336426084
v 0.08833410057698014 0.15625000000000003 -0.2602238689617767
v 0.10044983290723801 0.054265055520915755 -0.29591566546722053
v 0.10044983290723801 -0.05426505552091572 -0.29591566546722053
v 0.08833410057698016 -0.15624999999999994 -0.26022386896177674
v 0.06556397204465897 -0.2393888884746806 -0.1931452333642609
v 0.03488586086257908 -0.29365394399559636 -0.10277043210295972
v -0.0020422287423964777 0.2936539439955964 -0.1083938446955895
v -0.0038381345583737014 0.23938888847468062 -0.20371379199811848
v -0.005171104701777826 0.15625000000000003 -0.27446284949030525
v -0.005880363300770172 0.054265055520915755 -0.312107636693708
v -0.005880363300770172 -0.05426505552091572 -0.312107636693708
v -0.005171104701777812 -0.15624999999999994 -0.2744628494903053
v -0.0038381345583736945 -0.2393888884746806 -0.20371379199811854
v -0.002042228742396471 -0.29365394399559636 -0.10839384469558958
v -0.03872399542095276 0.2936539439955964 -0.1009433598951588
v -0.07277730548883324 0.23938888847468062 -0.18971146082163381
v -0.09805259843612402 0.15625000000000003 -0.25559755973004983
v -0.11150130090978604 0.054265055520915755 -0.2906548207167926
v -0.11150130090978604 -0.05426505552091572 -0.2906548207167926
v -0.09805259843612404 -0.15624999999999994 -0.2555975597300499
v -0.0727773054888333 -0.2393888884746806 -0.1897114608216339
v -0.0387239954209528 -0.29365394399559636 -0.10094335989515885
v -0.07073507674643678 0.2936539439955964 -0.08131761612604435
v -0.1329384592987031 0.23938888847468062 -0.1528271276270901
v -0.1791075016968415 0.15625000000000003 -0.2059034320481213
v -0.20367353604513988 0.054265055520915755 -0.23414474375313446
v -0.20367353604513988 -0.05426505552091572 -0.23414474375313446
v -0.17910750169684153 -0.15624999999999994 -0.20590343204812134
v -0.13293845929870313 -0.2393888884746806 -0.15282712762709016
v -0.07073507674643681 -0.29365394399559636 -0.08131761612604438
v -0.09421446387775029 0.2936539439955964 -0.05188376773193137
v -0.1770652729544449 0.23938888847468062 -0.09750958735253185
v -0.2385593969077189 0.15625000000000003 -0.1313743116501749
v -0.2712797368321952 0.054265055520915755 -0.14939335508446322
v -0.2712797368321952 -0.05426505552091572 -0.14939335508446322
v -0.23855939690771893 -0.15624999999999994 -0.13137431165017494
v -0.17706527295444496 -0.2393888884746806 -0.09750958735253187
v -0.09421446387775032 -0.29365394399559636 -0.05188376773193139
v -0.10633019620800818 0.2936539439955964 -0.01619197122648743
v -0.19983540148676612 0.23938888847468062 -0.030430951755015978
v -0.2692375080897988 0.15625000000000003 -0.040999510388873596
v -0.3061655976947743 0.054265055520915755 -0.04662292298150342
v -0.3061655976947743 -0.05426505552091572 -0.04662292298150342
v -0.26923750808979885 -0.15624999999999994 -0.0409995103888736
v -0.19983540148676618 -0.2393888884746806 -0.030430951755015985
v -0.10633019620800822 -0.29365394399559636 -0.016191971226487432
v -0.10562093760901584 0.2936539439955964 0.02145281597691533
v -0.19850243134336198 0.23938888847468062 0.04031810573717075
v -0.2674416022738216 0.15625000000000003 0.05432043691365539
v -0.3041233689523778 0.054265055520915755 0.06177092171408609
v -0.3041233689523778 -0.05426505552091572 0.06177092171408609
v -0.26744160227382163 -0.15624999999999994 0.0543204369136554
v -0.19850243134336207 -0.2393888884746806 0.04031810573717076
v -0.10562093760901589 -0.29365394399559636 0.02145281597691534
v -0.09217223513535383 0.2936539439955964 0.05651007696365815
v -0.17322713839607126 0.23938888847468062 0.10620420464558664
v -0.2333882922059411 0.15625000000000003 0.14308853784013037
v -0.26539937353142506 0.054265055520915755 0.1627142816092448
v -0.26539937353142506 -0.05426505552091572 0.1627142816092448
v -0.23338829220594115 -0.15624999999999994 0.1430885378401304
v -0.17322713839607132 -0.2393888884746806 0.10620420464558668
v -0.09217223513535389 -0.29365394399559636 0.05651007696365818
v -0.06760620078705547 0.2936539439955964 0.08475138866867131
v -0.127058095997933 0.23938888847468062 0.15928050906661778
v -0.17118490965367494 0.15625000000000003 0.2145980493411761
v -0.19466429678498848 0.054265055520915755 0.24403189773528905
v -0.19466429678498848 -0.05426505552091572 0.24403189773528905
v -0.17118490965367494 -0.15624999999999994 0.21459804934117616
v -0.12705809599793305 -0.2393888884746806 0.15928050906661784
v -0.06760620078705551 -0.29365394399559636 0.08475138866867135
v -0.03488586086257908 0.2936539439955964 0.10277043210295968
v -0.06556397204465898 0.23938888847468062 0.19314523336426084
v -0.08833410057698017 0.15625000000000003 0.2602238689617767
v -0.10044983290723805 0.054265055520915755 0.29591566546722053
v -0.10044983290723805 -0.05426505552091572 0.29591566546722053
v -0.08833410057698018 -0.15624999999999994 0.26022386896177674
v -0.065563972044659 -0.2393888884746806 0.1931452333642609
v -0.034885860862579096 -0.29365394399559636 0.10277043210295972
v 0.0020422287423965055 0.2936539439955964 0.1083938446955895
v 0.0038381345583737778 0.23938888847468062 0.20371379199811845
v 0.005171104701777909 0.15625000000000003 0.27446284949030525
v 0.005880363300770269 0.054265055520915755 0.31210763669370795
v 0.005880363300770269 -0.05426505552091572 0.31210763669370795
v 0.005171104701777909 -0.15624999999999994 0.27446284949030525
v 0.003838134558373764 -0.2393888884746806 0.20371379199811854
v 0.0020422287423965055 -0.29365394399559636 0.10839384469558956
v 0.03872399542095276 0.2936539439955964 0.1009433598951588
v 0.07277730548883324 0.23938888847468062 0.18971146082163387
v 0.09805259843612399 0.15625000000000003 0.25559755973004983
v 0.111501300909786 0.054265055520915755 0.29065482071679266
v 0.111501300909786 -0.05426505552091572 0.29065482071679266
v 0.09805259843612402 -0.15624999999999994 0.2555975597300499
v 0.07277730548883324 -0.2393888884746806 0.18971146082163393
v 0.03872399542095277 -0.29365394399559636 0.10094335989515887
v 0.07073507674643675 0.2936539439955964 0.08131761612604439
v 0.13293845929870302 0.23938888847468062 0.1528271276270902
v 0.17910750169684134 0.15625000000000003 0.2059034320481214
v 0.2036735360451397 0.054265055520915755 0.2341447437531346
v 0.2036735360451397 -0.05426505552091572 0.2341447437531346
v 0.17910750169684136 -0.15624999999999994 0.20590343204812142
v 0.13293845929870302 -0.2393888884746806 0.15282712762709022
v 0.07073507674643675 -0.29365394399559636 0.08131761612604443
v 0.09421446387775029 0.2936539439955964 0.05188376773193133
v 0.17706527295444494 0.23938888847468062 0.09750958735253179
v 0.23855939690771893 0.15625000000000003 0.13137431165017482
v 0.27127973683219525 0.054265055520915755 0.14939335508446314
v 0.27127973683219525 -0.05426505552091572 0.14939335508446314
v 0.23855939690771896 -0.15624999999999994 0.13137431165017485
v 0.177065272954445 -0.2393888884746806 0.09750958735253182
v 0.09421446387775033 -0.29365394399559636 0.05188376773193136
vt 0.10963104555101504 0.5806242686318478
vt 0.0956877467618474 0.5748854296907708
vt 0.11918249472004591 0.537609707859938
vt 0.10963104555101504 0.5806242686318478
vt 0.09923721884891838 0.6232921202739496
vt 0.07303537633671466 0.6125078606514118
vt 0.0956877467618474 0.5748854296907708
vt 0.3417453125 0.8125
vt 0.33682500000000004 0.7690875
vt 0.375 0.7690875
vt 0.3700796875 0.8125
vt 0.33682500000000004 0.7690875
vt 0.33420625000000004 0.7256750000000001
vt 0.37761875 0.7256750000000001
vt 0.375 0.7690875
vt 0.33420625000000004 0.7256750000000001
vt 0.33420625000000004 0.6822625
vt 0.37761875 0.6822625
vt 0.37761875 0.7256750000000001
vt 0.33420625000000004 0.6822625
vt 0.33682500000000004 0.63885
vt 0.375 0.63885
vt 0.37761875 0.6822625
vt 0.33682500000000004 0.63885
vt 0.3417453125 0.5954375000000001
vt 0.3700796875 0.5954375000000001
vt 0.375 0.63885
vt 0.5061282318641203 0.5645331656974655
vt 0.4977315677799541 0.521427792140062
vt 0.5119268598677812 0.5163441383303597
vt 0.5328036128714421 0.5549801109632542
vt 0.5119268598677812 0.5163441383303597
vt 0.4977315677799541 0.521427792140062
vt 0.49019250527995406 0.478015292140062
vt 0.0956877467618474 0.5748854296907708
vt 0.08449571005078373 0.564781560740026
vt 0.11918249472004593 0.537609707859938
vt 0.0956877467618474 0.5748854296907708
vt 0.07151683741478357 0.6115507312523515
vt 0.050485086770386836 0.5925638338893661
vt 0.08449571005078373 0.564781560740026
vt 0.26725465157566103 0.984375
vt 0.252743325923489 0.9431648548999852
vt 0.28995 0.9346212005785437
vt 0.2948703125 0.9780337005785437
vt 0.3802375 0.7690875
vt 0.37761875 0.7256750000000001
vt 0.42103124999999997 0.7256750000000001
vt 0.41841249999999997 0.7690875
vt 0.37761875 0.7256750000000001
vt 0.37761875 0.6822625
vt 0.42103124999999997 0.6822625
vt 0.42103124999999997 0.7256750000000001
vt 0.37761875 0.6822625
vt 0.3802375 0.63885
vt 0.41841249999999997 0.63885
vt 0.42103124999999997 0.6822625
vt 0.5581227963283503 0.590761088605297
vt 0.5343650539895195 0.5540946964960454
vt 0.5562577231283641 0.536107260752791
vt 0.5876188640685207 0.5665265551278957
vt 0.5343650539895195 0.5540946964960454
vt 0.5119268598677812 0.5163441383303597
vt 0.5235770339711148 0.5067721324341204
vt 0.5562577231283641 0.536107260752791
vt 0.5235770339711148 0.5067721324341204
vt 0.5119268598677812 0.5163441383303597
vt 0.49019250527995406 0.478015292140062
vt 0.08449571005078373 0.564781560740026
vt 0.07736553582242006 0.5514958364846907
vt 0.11918249472004593 0.537609707859938
vt 0.08449571005078373 0.564781560740026
vt 0.04937815941518618 0.591150763128833
vt 0.03597934289112954 0.5661846156007242
vt 0.07736553582242006 0.5514958364846907
vt 0.2948703125 0.9780337005785437
vt 0.28995 0.9346212005785437
vt 0.328125 0.9346212005785437
vt 0.3232046875 0.9780337005785437
vt 0.37761875 0.9409625
vt 0.375 0.89755
vt 0.41841249999999997 0.89755
vt 0.41579374999999996 0.9409625
vt 0.375 0.89755
vt 0.375 0.8541375
vt 0.41841249999999997 0.8541375
vt 0.41841249999999997 0.89755
vt 0.375 0.8541375
vt 0.37761875 0.810725
vt 0.41579374999999996 0.810725
vt 0.41841249999999997 0.8541375
vt 0.2587 0.890625
vt 0.2636203125 0.84375
vt 0.2919546875 0.84375
vt 0.296875 0.890625
vt 0.5574292197249011 0.534747241316067
vt 0.5235770339711148 0.5067721324341204
vt 0.5313178412684377 0.49383266737943843
vt 0.5719755201942955 0.5104317740309268
vt 0.5313178412684377 0.49383266737943843
vt 0.5235770339711148 0.5067721324341204
vt 0.49019250527995406 0.478015292140062
vt 0.07736553582242006 0.5514958364846907
vt 0.07513217570082463 0.5365840305550625
vt 0.11918249472004591 0.537609707859938
vt 0.07736553582242006 0.5514958364846907
vt 0.03541364957237035 0.5644810756942129
vt 0.03121678403402718 0.5364592426654174
vt 0.07513217570082463 0.5365840305550625
vt 0.4259515625 0.984375
vt 0.42103124999999997 0.9409625
vt 0.45920625 0.9409625
vt 0.4542859375 0.984375
vt 0.42103124999999997 0.9409625
vt 0.41841249999999997 0.89755
vt 0.461825 0.89755
vt 0.45920625 0.9409625
vt 0.41841249999999997 0.89755
vt 0.41841249999999997 0.8541375
vt 0.461825 0.8541375
vt 0.461825 0.89755
vt 0.41841249999999997 0.8541375
vt 0.42103124999999997 0.810725
vt 0.45920625 0.810725
vt 0.461825 0.8541375
vt 0.42103124999999997 0.810725
vt 0.4259515625 0.7673125000000001
vt 0.4542859375 0.7673125000000001
vt 0.45920625 0.810725
vt 0.5726198886669649 0.5087564094689896
vt 0.5313178412684377 0.49383266737943843
vt 0.5342428242991755 0.47904096944493746
vt 0.5781164319083532 0.4809602798996382
vt 0.5342428242991755 0.47904096944493746
vt 0.5313178412684377 0.49383266737943843
vt 0.49019250527995406 0.478015292140062
vt 0.07513217570082463 0.5365840305550625
vt 0.0780571587315623 0.5217923326205615
vt 0.11918249472004594 0.537609707859938
vt 0.07513217570082463 0.5365840305550625
vt 0.03125856809164686 0.5346647201003618
vt 0.03675511133303512 0.5068685905310104
vt 0.0780571587315623 0.5217923326205615
vt 0.4693640625 0.984375
vt 0.46444375 0.9409625
vt 0.50261875 0.9409625
vt 0.4976984375 0.984375
vt 0.46444375 0.9409625
vt 0.461825 0.89755
vt 0.5052375 0.89755
vt 0.50261875 0.9409625
vt 0.461825 0.89755
vt 0.461825 0.8541375
vt 0.5052375 0.8541375
vt 0.5052375 0.89755
vt 0.461825 0.8541375
vt 0.46444375 0.810725
vt 0.50261875 0.810725
vt 0.5052375 0.8541375
vt 0.46444375 0.810725
vt 0.4693640625 0.7673125000000001
vt 0.4976984375 0.7673125000000001
vt 0.50261875 0.810725
vt 0.5781582159659728 0.47916575733458255
vt 0.5342428242991755 0.47904096944493746
vt 0.53200946417758 0.4641291635153093
vt 0.5739613504276297 0.4511439243057871
vt 0.53200946417758 0.4641291635153093
vt 0.5342428242991755 0.47904096944493746
vt 0.49019250527995406 0.478015292140062
vt 0.0780571587315623 0.5217923326205615
vt 0.08579796602888534 0.5088528675658796
vt 0.11918249472004591 0.537609707859938
vt 0.0780571587315623 0.5217923326205615
vt 0.037399479805704516 0.5051932259690731
vt 0.05194578027509893 0.480877758683933
vt 0.08579796602888534 0.5088528675658796
vt 0.5127765625 0.984375
vt 0.50785625 0.9409625
vt 0.54603125 0.9409625
vt 0.5411109375 0.984375
vt 0.50785625 0.9409625
vt 0.5052375 0.89755
vt 0.54865 0.89755
vt 0.54603125 0.9409625
vt 0.5052375 0.89755
vt 0.5052375 0.8541375
vt 0.54865 0.8541375
vt 0.54865 0.89755
vt 0.5052375 0.8541375
vt 0.50785625 0.810725
vt 0.54603125 0.810725
vt 0.54865 0.8541375
vt 0.50785625 0.810725
vt 0.5127765625 0.7673125000000001
vt 0.5411109375 0.7673125000000001
vt 0.54603125 0.810725
vt 0.5733956571088705 0.4494403843992758
vt 0.53200946417758 0.4641291635153093
vt 0.5248792899492163 0.45084343925997405
vt 0.5599968405848139 0.42447423687116703
vt 0.5248792899492163 0.45084343925997405
vt 0.53200946417758 0.4641291635153093
vt 0.49019250527995406 0.478015292140062
vt 0.08579796602888534 0.5088528675658796
vt 0.09744814013221886 0.49928086166964014
vt 0.11918249472004593 0.537609707859938
vt 0.08579796602888534 0.5088528675658796
vt 0.05311727687163599 0.479517739247209
vt 0.07500994601048055 0.4615303035039545
vt 0.09744814013221886 0.49928086166964014
vt 0.05311727687163599 0.479517739247209
vt 0.021756135931479237 0.44909844487210426
vt 0.051252203671649676 0.42486391139470303
vt 0.07500994601048057 0.4615303035039545
vt 0.019087500000000007 0.9409625
vt 0.016468750000000004 0.89755
vt 0.05988125 0.89755
vt 0.057262499999999994 0.9409625
vt 0.016468750000000004 0.89755
vt 0.016468750000000004 0.8541375
vt 0.05988125 0.8541375
vt 0.05988125 0.89755
vt 0.016468750000000004 0.8541375
vt 0.019087500000000007 0.810725
vt 0.057262499999999994 0.810725
vt 0.05988125 0.8541375
vt 0.3125 0.890625
vt 0.3174203125 0.84375
vt 0.3457546875 0.84375
vt 0.350675 0.890625
vt 0.5588899132296132 0.4230611661106338
vt 0.5248792899492163 0.45084343925997405
vt 0.5136872532381527 0.44073957030922917
vt 0.5378581625852165 0.4040742687476485
vt 0.5136872532381527 0.44073957030922917
vt 0.5248792899492163 0.45084343925997405
vt 0.49019250527995406 0.478015292140062
vt 0.09744814013221886 0.49928086166964014
vt 0.11164343222004593 0.4941972078599379
vt 0.11918249472004593 0.537609707859938
vt 0.09744814013221886 0.49928086166964014
vt 0.07657138712855796 0.46064488903674583
vt 0.10324676813587981 0.4510918343025345
vt 0.11164343222004593 0.4941972078599379
vt 0.0674203125 0.984375
vt 0.0625 0.9409625
vt 0.100675 0.9409625
vt 0.09575468749999999 0.984375
vt 0.0625 0.9409625
vt 0.05988125 0.89755
vt 0.10329374999999999 0.89755
vt 0.10067499999999999 0.9409625
vt 0.05988125 0.89755
vt 0.05988125 0.8541375
vt 0.10329375 0.8541375
vt 0.10329375 0.89755
vt 0.05988125 0.8541375
vt 0.0625 0.810725
vt 0.10067499999999999 0.810725
vt 0.10329374999999999 0.8541375
vt 0.0625 0.810725
vt 0.0674203125 0.7673125000000001
vt 0.09575468749999999 0.7673125000000001
vt 0.100675 0.810725
vt 0.5363396236632854 0.40311713934858817
vt 0.5136872532381527 0.44073957030922917
vt 0.499743954448985 0.4350007313681522
vt 0.5101377811510817 0.39233287972605035
vt 0.499743954448985 0.4350007313681522
vt 0.5136872532381527 0.44073957030922917
vt 0.49019250527995417 0.478015292140062
vt 0.11164343222004593 0.4941972078599379
vt 0.1267215572200459 0.4941972078599379
vt 0.11918249472004593 0.537609707859938
vt 0.11164343222004593 0.4941972078599379
vt 0.10501530722004593 0.45078470785993796
vt 0.13334968222004592 0.45078470785993796
vt 0.1267215572200459 0.4941972078599379
vt 0.1108328125 0.984375
vt 0.10591249999999999 0.9409625
vt 0.1440875 0.9409625
vt 0.1391671875 0.984375
vt 0.10591249999999999 0.9409625
vt 0.10329375 0.89755
vt 0.14670625 0.89755
vt 0.1440875 0.9409625
vt 0.10329375 0.89755
vt 0.10329375 0.8541375
vt 0.14670625 0.8541375
vt 0.14670625 0.89755
vt 0.10329375 0.8541375
vt 0.10591249999999999 0.810725
vt 0.1440875 0.810725
vt 0.14670625 0.8541375
vt 0.10591249999999999 0.810725
vt 0.1108328125 0.7673125000000001
vt 0.1391671875 0.7673125000000001
vt 0.1440875 0.810725
vt 0.5083854533212318 0.3919437726447752
vt 0.499743954448985 0.4350007313681522
vt 0.48468216994818314 0.4342989470942975
vt 0.48008178491319636 0.390625
vt 0.48468216994818314 0.4342989470942975
vt 0.499743954448985 0.4350007313681522
vt 0.49019250527995417 0.478015292140062
vt 0.1267215572200459 0.4941972078599379
vt 0.140916849307873 0.49928086166964014
vt 0.11918249472004593 0.537609707859938
vt 0.1267215572200459 0.4941972078599379
vt 0.13334968222004592 0.45078470785993796
vt 0.16039317093722874 0.45923967827054435
vt 0.14111273766125107 0.4986965165873203
vt 0.1542453125 0.984375
vt 0.149325 0.9409625
vt 0.1875 0.9409625
vt 0.1825796875 0.984375
vt 0.149325 0.9409625
vt 0.14670625 0.89755
vt 0.19011875 0.89755
vt 0.1875 0.9409625
vt 0.14670625 0.89755
vt 0.14670625 0.8541375
vt 0.19011875 0.8541375
vt 0.19011875 0.89755
vt 0.14670625 0.8541375
vt 0.149325 0.810725
vt 0.1875 0.810725
vt 0.19011875 0.8541375
vt 0.149325 0.810725
vt 0.1542453125 0.7673125000000001
vt 0.1825796875 0.7673125000000001
vt 0.1875 0.810725
vt 0.4398586954670479 0.39281845466818266
vt 0.46340739087085825 0.42988644816721344
vt 0.45204643294668073 0.43979999892164523
vt 0.4185095129803086 0.4114477115988422
vt 0.46669775732175556 0.44073957030922917
vt 0.48064105611092317 0.4350007313681522
vt 0.49019250527995406 0.478015292140062
vt 0.140916849307873 0.49928086166964014
vt 0.1525670234112065 0.5088528675658796
vt 0.11918249472004593 0.537609707859938
vt 0.14111273766125107 0.4986965165873203
vt 0.16039317093722874 0.45923967827054435
vt 0.18368162382712533 0.4753792188041437
vt 0.15350567746424557 0.5072851658731499
vt 0.16039317093722874 0.45923967827054435
vt 0.1810772812292347 0.4207556268625158
vt 0.21245389317397684 0.44250048482639004
vt 0.18368162382712533 0.4753792188041437
vt 0.1927375 0.9409625
vt 0.19011875 0.89755
vt 0.23353125 0.89755
vt 0.2309125 0.9409625
vt 0.19011875 0.89755
vt 0.19011875 0.8541375
vt 0.23353125 0.8541375
vt 0.23353125 0.89755
vt 0.19011875 0.8541375
vt 0.1927375 0.810725
vt 0.2309125 0.810725
vt 0.23353125 0.8541375
vt 0.018368325923489026 0.7287101451000148
vt 0.03287965157566102 0.6875
vt 0.060495312499999995 0.6938412994214563
vt 0.05557499999999999 0.7372537994214563
vt 0.41850951298030853 0.4114477115988422
vt 0.45204643294668073 0.43979999892164523
vt 0.4441612701666258 0.4526520050470585
vt 0.40369194387631735 0.43559882860176924
vt 0.4555057206106919 0.45084343925997405
vt 0.46669775732175556 0.44073957030922917
vt 0.49019250527995406 0.478015292140062
vt 0.1525670234112065 0.5088528675658796
vt 0.16030783070852955 0.5217923326205615
vt 0.11918249472004594 0.537609707859938
vt 0.15350567746424554 0.5072851658731499
vt 0.18368162382712533 0.4753792188041437
vt 0.20109304283023366 0.49773272624568
vt 0.16277115630950834 0.519180574873416
vt 0.1229953125 0.75
vt 0.118075 0.703125
vt 0.15625 0.703125
vt 0.1513296875 0.75
vt 0.20574375 0.39408750000000003
vt 0.203125 0.35067499999999996
vt 0.24653749999999997 0.35067499999999996
vt 0.24391874999999996 0.39408750000000003
vt 0.203125 0.35067499999999996
vt 0.203125 0.3072625
vt 0.24653749999999997 0.3072625
vt 0.24653749999999997 0.35067499999999996
vt 0.203125 0.3072625
vt 0.20574375 0.26385000000000003
vt 0.24391874999999996 0.26385000000000003
vt 0.24653749999999997 0.3072625
vt 0.05557499999999999 0.7372537994214563
vt 0.060495312499999995 0.6938412994214563
vt 0.08882968749999999 0.6938412994214563
vt 0.09375 0.7372537994214563
vt 0.4036919438763173 0.43559882860176924
vt 0.4441612701666258 0.4526520050470585
vt 0.44047038306683056 0.4672714170028175
vt 0.39675613593147924 0.4630712033588401
vt 0.44837554638232824 0.4641291635153093
vt 0.4555057206106919 0.45084343925997405
vt 0.49019250527995406 0.478015292140062
vt 0.16030783070852955 0.5217923326205615
vt 0.16323281373926724 0.5365840305550625
vt 0.11918249472004591 0.537609707859938
vt 0.16277115630950834 0.519180574873416
vt 0.20109304283023366 0.49773272624568
vt 0.2110409336649262 0.5242633929274969
vt 0.16806492197371828 0.5332988572975658
vt 0.2540765625 0.4375
vt 0.24915624999999997 0.39408750000000003
vt 0.28733125 0.39408750000000003
vt 0.2824109375 0.4375
vt 0.24915624999999997 0.39408750000000003
vt 0.24653749999999997 0.35067499999999996
vt 0.28995 0.35067499999999996
vt 0.28733125 0.39408750000000003
vt 0.24653749999999997 0.35067499999999996
vt 0.24653749999999997 0.3072625
vt 0.28995 0.3072625
vt 0.28995 0.35067499999999996
vt 0.24653749999999997 0.3072625
vt 0.24915624999999997 0.26385000000000003
vt 0.28733125 0.26385000000000003
vt 0.28995 0.3072625
vt 0.24915624999999997 0.26385000000000003
vt 0.2540765625 0.22043750000000006
vt 0.2824109375 0.22043750000000006
vt 0.28733125 0.26385000000000003
vt 0.39675613593147924 0.4630712033588401
vt 0.44047038306683056 0.4672714170028175
vt 0.44131007802628175 0.4823261427024341
vt 0.39833406633507384 0.4913616070725031
vt 0.44614218626073276 0.47904096944493746
vt 0.44837554638232824 0.4641291635153093
vt 0.49019250527995406 0.478015292140062
vt 0.16323281373926724 0.5365840305550625
vt 0.1609994536176718 0.5514958364846907
vt 0.11918249472004594 0.537609707859938
vt 0.16806492197371828 0.5332988572975658
vt 0.2110409336649262 0.5242633929274969
vt 0.21261886406852076 0.5525537966411598
vt 0.16890461693316947 0.5483535829971824
vt 0.2974890625 0.4375
vt 0.29256875 0.39408750000000003
vt 0.33074375 0.39408750000000003
vt 0.3258234375 0.4375
vt 0.29256875 0.39408750000000003
vt 0.28995 0.35067499999999996
vt 0.3333625 0.35067499999999996
vt 0.33074375 0.39408750000000003
vt 0.28995 0.35067499999999996
vt 0.28995 0.3072625
vt 0.3333625 0.3072625
vt 0.3333625 0.35067499999999996
vt 0.28995 0.3072625
vt 0.29256875 0.26385000000000003
vt 0.33074375 0.26385000000000003
vt 0.3333625 0.3072625
vt 0.29256875 0.26385000000000003
vt 0.2974890625 0.22043750000000006
vt 0.3258234375 0.22043750000000006
vt 0.33074375 0.26385000000000003
vt 0.39833406633507384 0.4913616070725031
vt 0.44131007802628175 0.4823261427024341
vt 0.44660384369049166 0.49644442512658393
vt 0.40828195716976634 0.5178922737543199
vt 0.44906716929147045 0.49383266737943843
vt 0.44614218626073276 0.47904096944493746
vt 0.49019250527995406 0.478015292140062
vt 0.1609994536176718 0.5514958364846907
vt 0.1538692793893081 0.564781560740026
vt 0.11918249472004593 0.537609707859938
vt 0.16890461693316947 0.5483535829971824
vt 0.21261886406852076 0.5525537966411598
vt 0.2056830561236827 0.5800261713982306
vt 0.16521372983337418 0.5629729949529414
vt 0.34090156250000003 0.4375
vt 0.33598125 0.39408750000000003
vt 0.37415624999999997 0.39408750000000003
vt 0.3692359375 0.4375
vt 0.33598125 0.39408750000000003
vt 0.3333625 0.35067499999999996
vt 0.37677499999999997 0.35067499999999996
vt 0.37415624999999997 0.39408750000000003
vt 0.3333625 0.35067499999999996
vt 0.3333625 0.3072625
vt 0.37677499999999997 0.3072625
vt 0.37677499999999997 0.35067499999999996
vt 0.3333625 0.3072625
vt 0.33598125 0.26385000000000003
vt 0.37415624999999997 0.26385000000000003
vt 0.37677499999999997 0.3072625
vt 0.33598125 0.26385000000000003
vt 0.34090156250000003 0.22043750000000006
vt 0.3692359375 0.22043750000000006
vt 0.37415624999999997 0.26385000000000003
vt 0.40828195716976634 0.5178922737543199
vt 0.44660384369049166 0.49644442512658393
vt 0.45586932253575446 0.5083398341268501
vt 0.42569337617287467 0.5402457811958563
vt 0.4568079765887935 0.5067721324341204
vt 0.44906716929147045 0.49383266737943843
vt 0.49019250527995406 0.478015292140062
vt 0.1538692793893081 0.564781560740026
vt 0.14267724267824444 0.5748854296907708
vt 0.11918249472004593 0.537609707859938
vt 0.16521372983337418 0.5629729949529414
vt 0.2056830561236827 0.5800261713982306
vt 0.19086548701969147 0.6041772884011577
vt 0.1573285670533193 0.5758250010783548
vt 0.1299203125 0.6875
vt 0.125 0.640625
vt 0.16317500000000001 0.640625
vt 0.1582546875 0.6875
vt 0.2065875 0.7690875
vt 0.20396875 0.7256750000000001
vt 0.24738125 0.7256750000000001
vt 0.2447625 0.7690875
vt 0.20396875 0.7256750000000001
vt 0.20396875 0.6822625
vt 0.24738125 0.6822625
vt 0.24738125 0.7256750000000001
vt 0.20396875 0.6822625
vt 0.2065875 0.63885
vt 0.2447625 0.63885
vt 0.24738125 0.6822625
vt 0.3969211068260232 0.57312451517361
vt 0.42569337617287467 0.5402457811958563
vt 0.4489818290627713 0.5563853217294555
vt 0.42829771877076533 0.5948693731374841
vt 0.42569337617287467 0.5402457811958563
vt 0.45586932253575446 0.5083398341268501
vt 0.46826226233874896 0.5169284834126796
vt 0.4489818290627713 0.5563853217294555
vt 0.46845815069212704 0.5163441383303597
vt 0.4568079765887935 0.5067721324341204
vt 0.49019250527995406 0.478015292140062
vt 0.14267724267824444 0.5748854296907708
vt 0.12873394388907683 0.5806242686318478
vt 0.11918249472004594 0.537609707859938
vt 0.15732856705331927 0.5758250010783548
vt 0.19086548701969147 0.6041772884011577
vt 0.1695163045329521 0.6228065453318172
vt 0.14596760912914178 0.5857385518327864
vt 0.2549203125 0.8125
vt 0.25 0.7690875
vt 0.288175 0.7690875
vt 0.2832546875 0.8125
vt 0.25 0.7690875
vt 0.24738125 0.7256750000000001
vt 0.29079374999999996 0.7256750000000001
vt 0.28817499999999996 0.7690875
vt 0.24738125 0.7256750000000001
vt 0.24738125 0.6822625
vt 0.29079375 0.6822625
vt 0.29079375 0.7256750000000001
vt 0.24738125 0.6822625
vt 0.25 0.63885
vt 0.28817499999999996 0.63885
vt 0.29079374999999996 0.6822625
vt 0.25 0.63885
vt 0.2549203125 0.5954375000000001
vt 0.2832546875 0.5954375000000001
vt 0.288175 0.63885
vt 0.4489818290627713 0.5563853217294555
vt 0.46826226233874896 0.5169284834126796
vt 0.4826534427799541 0.521427792140062
vt 0.4760253177799541 0.5648402921400619
vt 0.4826534427799541 0.521427792140062
vt 0.46845815069212704 0.5163441383303597
vt 0.49019250527995406 0.478015292140062
vt 0.12469283005181689 0.5813260529057025
vt 0.10963104555101504 0.5806242686318478
vt 0.11918249472004594 0.537609707859938
vt 0.12469283005181689 0.5813260529057025
vt 0.12929321508680364 0.625
vt 0.10098954667876829 0.6236812273552247
vt 0.10963104555101504 0.5806242686318478
vt 0.2983328125 0.8125
vt 0.29341249999999997 0.7690875
vt 0.33158750000000003 0.7690875
vt 0.3266671875 0.8125
vt 0.29341249999999997 0.7690875
vt 0.29079375 0.7256750000000001
vt 0.33420625000000004 0.7256750000000001
vt 0.33158750000000003 0.7690875
vt 0.29079375 0.7256750000000001
vt 0.29079375 0.6822625
vt 0.33420625000000004 0.6822625
vt 0.33420625000000004 0.7256750000000001
vt 0.29079375 0.6822625
vt 0.29341249999999997 0.63885
vt 0.33158750000000003 0.63885
vt 0.33420625000000004 0.6822625
vt 0.29341249999999997 0.63885
vt 0.2983328125 0.5954375000000001
vt 0.3266671875 0.5954375000000001
vt 0.33158750000000003 0.63885
vt 0.4760253177799541 0.5648402921400619
vt 0.4826534427799541 0.521427792140062
vt 0.4977315677799541 0.521427792140062
vt 0.5043596927799541 0.5648402921400619
vt 0.4977315677799541 0.521427792140062
vt 0.4826534427799541 0.521427792140062
vt 0.49019250527995406 0.478015292140062
vn 0.17500668063579305 0.9845617247026269 -0.003297269086722919
vn 0.5029964279997127 0.8642365315477104 -0.009476864350264513
vn 0.7685016743503029 0.6396839291980817 -0.014479200478086207
vn 0.9404232061453496 0.3395441851518806 -0.01771834283579765
vn 0.9998225590203441 0 -0.018837475255740314
vn 0.9404232061453496 -0.3395441851518804 -0.017718342835797818
vn 0.7685016743503031 -0.6396839291980814 -0.01447920047808618
vn 0.5029964279997126 -0.8642365315477106 -0.00947686435026457
vn 0.17500668063579347 -0.9845617247026269 -0.003297269086722899
vn 0.16299119927064865 0.984644231093861 -0.06252685130322179
vn 0.4687473748922203 0.8648353489522954 -0.17982134949503054
vn 0.7168376291806436 0.6407200013395239 -0.2749939877054676
vn 0.8779096103158364 0.3403687094313263 -0.3367845865759746
vn 0.9336563136428642 0 -0.358170194174247
vn 0.8779096103158363 -0.34036870943132613 -0.3367845865759746
vn 0.7168376291806438 -0.6407200013395234 -0.2749939877054677
vn 0.46874737489222024 -0.8648353489522955 -0.1798213494950303
vn 0.16299119927064903 -0.9846442310938608 -0.06252685130322191
vn 0.13131442279338967 0.9847380791095938 -0.11422538210917306
vn 0.3779099349844359 0.8655178138526107 -0.32872936428596894
vn 0.578535073757533 0.6419043186218594 -0.5032454810199218
vn 0.7091869424298626 0.3413136625040628 -0.6168945326999143
vn 0.7544947617302353 0 -0.656306067716607
vn 0.7091869424298624 -0.34131366250406253 -0.6168945326999147
vn 0.5785350737575333 -0.6419043186218589 -0.5032454810199221
vn 0.3779099349844357 -0.8655178138526108 -0.32872936428596866
vn 0.13131442279339 -0.9847380791095935 -0.1142253821091733
vn 0.08378886691607335 0.9847993485269535 -0.15215015255269643
vn 0.24124541675787256 0.8659641335827565 -0.4380716473838341
vn 0.369574197163041 0.6426808783344519 -0.6711007386484918
vn 0.45331187876099954 0.3419346985904419 -0.8231579450348742
vn 0.48238846287951387 0 -0.8759574024350385
vn 0.45331187876099976 -0.341934698590442 -0.8231579450348737
vn 0.3695741971630413 -0.6426808783344512 -0.6711007386484923
vn 0.24124541675787226 -0.8659641335827566 -0.4380716473838341
vn 0.08378886691607351 -0.9847993485269533 -0.15215015255269676
vn 0.02614896684478984 0.9847993485269535 -0.17171626211235302
vn 0.07528826485477835 0.8659641335827566 -0.4944065093861756
vn 0.1153373208637137 0.6426808783344516 -0.7574025290684199
vn 0.14147031371057792 0.34193469859044195 -0.92901389238186
vn 0.15054458171370477 0 -0.9886032211745246
vn 0.14147031371057764 -0.34193469859044173 -0.9290138923818604
vn 0.11533732086371395 -0.6426808783344513 -0.7574025290684201
vn 0.07528826485477831 -0.8659641335827569 -0.4944065093861754
vn 0.026148966844789907 -0.9847993485269535 -0.1717162621123534
vn -0.034642729109703896 0.9847380791095938 -0.17056024411151435
vn -0.09969835168929123 0.8655178138526106 -0.4908555312658054
vn -0.15262629507330613 0.6419043186218591 -0.7514413215859261
vn -0.18709423239359274 0.34131366250406314 -0.9211409946328059
vn -0.19904711980066625 0 -0.9799899204068679
vn -0.1870942323935925 -0.34131366250406286 -0.9211409946328062
vn -0.15262629507330652 -0.6419043186218588 -0.7514413215859262
vn -0.09969835168929109 -0.865517813852611 -0.4908555312658053
vn -0.034642729109704014 -0.9847380791095935 -0.1705602441115148
vn -0.09124567702867835 0.984644231093861 -0.1488286417231496
vn -0.2624139939386195 0.8648353489522953 -0.4280171900610346
vn -0.4012997946325264 0.640720001339524 -0.6545504982133713
vn -0.4914710556257438 0.3403687094313263 -0.8016266856350096
vn -0.5226791558787218 0 -0.8525294716371434
vn -0.4914710556257439 -0.34036870943132613 -0.8016266856350096
vn -0.4012997946325265 -0.6407200013395234 -0.6545504982133716
vn -0.26241399393861964 -0.8648353489522955 -0.4280171900610343
vn -0.09124567702867861 -0.9846442310938608 -0.14882864172314997
vn -0.1368348844146281 0.9845617247026269 -0.10915321643370887
vn -0.3932847468237428 0.8642365315477104 -0.3137233262831566
vn -0.6008789915912762 0.6396839291980817 -0.4793212995371212
vn -0.7353016481784191 0.3395441851518807 -0.5865502813192113
vn -0.7817450385417195 0 -0.6235981837011759
vn -0.7353016481784191 -0.33954418515188045 -0.5865502813192114
vn -0.6008789915912763 -0.6396839291980815 -0.4793212995371214
vn -0.3932847468237427 -0.8642365315477105 -0.31372332628315647
vn -0.13683488441462843 -0.9845617247026269 -0.10915321643370911
vn -0.16592194058290435 0.9845291460964124 -0.05632290936974287
vn -0.476770940765451 0.8640003824759134 -0.16184192634513062
vn -0.7281677347607928 0.6392761345849904 -0.24717963873144813
vn -0.8907837987810321 0.3392202016528171 -0.30238035422271775
vn -0.9469301294951057 0 -0.3214394653031616
vn -0.8907837987810322 -0.3392202016528168 -0.30238035422271775
vn -0.7281677347607929 -0.6392761345849901 -0.24717963873144816
vn -0.4767709407654508 -0.8640003824759134 -0.16184192634513053
vn -0.16592194058290477 -0.9845291460964123 -0.05632290936974302
vn -0.17500668063579305 0.9845617247026269 0.0032972690867229607
vn -0.5029964279997128 0.8642365315477105 0.009476864350264876
vn -0.7685016743503031 0.6396839291980817 0.014479200478086571
vn -0.9404232061453496 0.3395441851518806 0.01771834283579804
vn -0.9998225590203441 0 0.018837475255740702
vn -0.9404232061453497 -0.33954418515188034 0.017718342835797984
vn -0.7685016743503031 -0.6396839291980815 0.014479200478086068
vn -0.5029964279997124 -0.8642365315477107 0.00947686435026457
vn -0.17500668063579347 -0.9845617247026269 0.003297269086722899
vn -0.16299119927064862 0.9846442310938608 0.06252685130322182
vn -0.46874737489222046 0.8648353489522954 0.17982134949503029
vn -0.7168376291806436 0.6407200013395239 0.2749939877054676
vn -0.8779096103158364 0.3403687094313263 0.3367845865759746
vn -0.9336563136428642 0 0.3581701941742469
vn -0.8779096103158361 -0.3403687094313259 0.33678458657597476
vn -0.7168376291806439 -0.6407200013395234 0.2749939877054677
vn -0.4687473748922201 -0.8648353489522954 0.17982134949503037
vn -0.16299119927064903 -0.9846442310938608 0.06252685130322198
vn -0.13131442279338978 0.9847380791095938 0.114225382109173
vn -0.3779099349844361 0.8655178138526107 0.32872936428596844
vn -0.5785350737575334 0.6419043186218591 0.5032454810199217
vn -0.7091869424298627 0.34131366250406286 0.616894532699914
vn -0.7544947617302356 0 0.6563060677166066
vn -0.7091869424298629 -0.34131366250406253 0.616894532699914
vn -0.5785350737575337 -0.6419043186218588 0.5032454810199218
vn -0.37790993498443587 -0.865517813852611 0.32872936428596833
vn -0.1313144227933901 -0.9847380791095935 0.11422538210917327
vn -0.08378886691607343 0.9847993485269535 0.1521501525526964
vn -0.24124541675787248 0.8659641335827567 0.4380716473838342
vn -0.36957419716304135 0.6426808783344516 0.6711007386484918
vn -0.4533118787609997 0.34193469859044195 0.8231579450348738
vn -0.4823884628795141 0 0.8759574024350384
vn -0.45331187876099965 -0.3419346985904416 0.823157945034874
vn -0.3695741971630412 -0.6426808783344512 0.6711007386484924
vn -0.2412454167578722 -0.8659641335827568 0.4380716473838338
vn -0.0837888669160736 -0.9847993485269534 0.15215015255269676
vn -0.026148966844789807 0.9847993485269535 0.17171626211235302
vn -0.075288264854778 0.8659641335827567 0.49440650938617575
vn -0.11533732086371387 0.6426808783344516 0.7574025290684198
vn -0.1414703137105777 0.34193469859044207 0.9290138923818603
vn -0.15054458171370444 0 0.9886032211745245
vn -0.14147031371057725 -0.3419346985904416 0.9290138923818604
vn -0.11533732086371387 -0.6426808783344514 0.7574025290684201
vn -0.07528826485477819 -0.8659641335827568 0.4944065093861754
vn -0.02614896684478989 -0.9847993485269535 0.1717162621123535
vn 0.03464272910970391 0.9847380791095938 0.17056024411151435
vn 0.099698351689291 0.8655178138526105 0.49085553126580567
vn 0.15262629507330647 0.6419043186218594 0.7514413215859257
vn 0.18709423239359263 0.34131366250406275 0.921140994632806
vn 0.19904711980066614 0 0.9799899204068679
vn 0.18709423239359238 -0.3413136625040629 0.9211409946328062
vn 0.15262629507330647 -0.6419043186218587 0.7514413215859264
vn 0.09969835168929095 -0.8655178138526107 0.4908555312658053
vn 0.03464272910970397 -0.9847380791095935 0.17056024411151474
vn 0.09124567702867828 0.984644231093861 0.1488286417231496
vn 0.26241399393861947 0.8648353489522953 0.4280171900610345
vn 0.4012997946325263 0.6407200013395239 0.6545504982133716
vn 0.4914710556257435 0.34036870943132647 0.8016266856350096
vn 0.5226791558787217 0 0.8525294716371434
vn 0.49147105562574345 -0.3403687094313263 0.8016266856350098
vn 0.40129979463252663 -0.6407200013395234 0.6545504982133717
vn 0.2624139939386197 -0.8648353489522955 0.4280171900610344
vn 0.09124567702867856 -0.9846442310938608 0.1488286417231499
vn 0.13683488441462807 0.9845617247026269 0.10915321643370884
vn 0.3932847468237428 0.8642365315477104 0.3137233262831568
vn 0.6008789915912761 0.6396839291980817 0.4793212995371216
vn 0.735301648178419 0.33954418515188073 0.5865502813192114
vn 0.7817450385417194 0 0.623598183701176
vn 0.7353016481784188 -0.33954418515188056 0.5865502813192116
vn 0.6008789915912762 -0.6396839291980814 0.47932129953712166
vn 0.39328474682374265 -0.8642365315477105 0.3137233262831568
vn 0.13683488441462843 -0.984561724702627 0.10915321643370918
vn 0.16592194058290435 0.9845291460964124 0.05632290936974287
vn 0.476770940765451 0.864000382475913 0.16184192634513062
vn 0.7281677347607928 0.6392761345849904 0.24717963873144813
vn 0.8907837987810321 0.339220201652817 0.30238035422271775
vn 0.9469301294951057 0 0.3214394653031616
vn 0.8907837987810321 -0.33922020165281674 0.30238035422271775
vn 0.7281677347607929 -0.6392761345849901 0.24717963873144813
vn 0.4767709407654508 -0.8640003824759135 0.16184192634513053
vn 0.16592194058290474 -0.9845291460964124 0.05632290936974301
usemtl m_b582598b-1155-26de-12e6-b772921adaa6
f 79/361/109 87/362/109 78/363/109
f 79/364/110 80/365/110 88/366/110 87/367/110
f 80/368/111 81/369/111 89/370/111 88/371/111
f 81/372/112 82/373/112 90/374/112 89/375/112
f 82/376/113 83/377/113 91/378/113 90/379/113
f 83/380/114 84/381/114 92/382/114 91/383/114
f 84/384/115 85/385/115 93/386/115 92/387/115
f 85/388/116 86/389/116 94/390/116 93/391/116
f 94/392/117 86/393/117 77/394/117
f 87/395/118 95/396/118 78/397/118
f 87/398/119 88/399/119 96/400/119 95/401/119
f 88/402/120 89/403/120 97/404/120 96/405/120
f 89/406/121 90/407/121 98/408/121 97/409/121
f 90/410/122 91/411/122 99/412/122 98/413/122
f 91/414/123 92/415/123 100/416/123 99/417/123
f 92/418/124 93/419/124 101/420/124 100/421/124
f 93/422/125 94/423/125 102/424/125 101/425/125
f 102/426/126 94/427/126 77/428/126
f 95/429/127 103/430/127 78/431/127
f 95/432/128 96/433/128 104/434/128 103/435/128
f 96/436/129 97/437/129 105/438/129 104/439/129
f 97/440/130 98/441/130 106/442/130 105/443/130
f 98/444/131 99/445/131 107/446/131 106/447/131
f 99/448/132 100/449/132 108/450/132 107/451/132
f 100/452/133 101/453/133 109/454/133 108/455/133
f 101/456/134 102/457/134 110/458/134 109/459/134
f 110/460/135 102/461/135 77/462/135
f 103/463/136 111/464/136 78/465/136
f 103/466/137 104/467/137 112/468/137 111/469/137
f 104/470/138 105/471/138 113/472/138 112/473/138
f 105/474/139 106/475/139 114/476/139 113/477/139
f 106/478/140 107/479/140 115/480/140 114/481/140
f 107/482/141 108/483/141 116/484/141 115/485/141
f 108/486/142 109/487/142 117/488/142 116/489/142
f 109/490/143 110/491/143 118/492/143 117/493/143
f 118/494/144 110/495/144 77/496/144
f 111/497/145 119/498/145 78/499/145
f 111/500/146 112/501/146 120/502/146 119/503/146
f 112/504/147 113/505/147 121/506/147 120/507/147
f 113/508/148 114/509/148 122/510/148 121/511/148
f 114/512/149 115/513/149 123/514/149 122/515/149
f 115/516/150 116/517/150 124/518/150 123/519/150
f 116/520/151 117/521/151 125/522/151 124/523/151
f 117/524/152 118/525/152 126/526/152 125/527/152
f 126/528/153 118/529/153 77/530/153
f 119/531/154 127/532/154 78/533/154
f 119/534/155 120/535/155 128/536/155 127/537/155
f 120/538/156 121/539/156 129/540/156 128/541/156
f 121/542/157 122/543/157 130/544/157 129/545/157
f 122/546/158 123/547/158 131/548/158 130/549/158
f 123/550/159 124/551/159 132/552/159 131/553/159
f 124/554/160 125/555/160 133/556/160 132/557/160
f 125/558/161 126/559/161 134/560/161 133/561/161
f 134/562/162 126/563/162 77/564/162
f 127/565/163 135/566/163 78/567/163
f 127/568/164 128/569/164 136/570/164 135/571/164
f 128/572/165 129/573/165 137/574/165 136/575/165
f 129/576/166 130/577/166 138/578/166 137/579/166
f 130/580/167 131/581/167 139/582/167 138/583/167
f 131/584/168 132/585/168 140/586/168 139/587/168
f 132/588/169 133/589/169 141/590/169 140/591/169
f 133/592/170 134/593/170 142/594/170 141/595/170
f 142/596/171 134/597/171 77/598/171
f 135/599/172 143/600/172 78/601/172
f 135/602/173 136/603/173 144/604/173 143/605/173
f 136/606/174 137/607/174 145/608/174 144/609/174
f 137/610/175 138/611/175 146/612/175 145/613/175
f 138/614/176 139/615/176 147/616/176 146/617/176
f 139/618/177 140/619/177 148/620/177 147/621/177
f 140/622/178 141/623/178 149/624/178 148/625/178
f 141/626/179 142/627/179 150/628/179 149/629/179
f 150/630/180 142/631/180 77/632/180
f 143/633/181 151/634/181 78/635/181
f 143/636/182 144/637/182 152/638/182 151/639/182
f 144/640/183 145/641/183 153/642/183 152/643/183
f 145/644/184 146/645/184 154/646/184 153/647/184
f 146/648/185 147/649/185 155/650/185 154/651/185
f 147/652/186 148/653/186 156/654/186 155/655/186
f 148/656/187 149/657/187 157/658/187 156/659/187
f 149/660/188 150/661/188 158/662/188 157/663/188
f 158/664/189 150/665/189 77/666/189
f 151/667/190 159/668/190 78/669/190
f 151/670/191 152/671/191 160/672/191 159/673/191
f 152/674/192 153/675/192 161/676/192 160/677/192
f 153/678/193 154/679/193 162/680/193 161/681/193
f 154/682/194 155/683/194 163/684/194 162/685/194
f 155/686/195 156/687/195 164/688/195 163/689/195
f 156/690/196 157/691/196 165/692/196 164/693/196
f 157/694/197 158/695/197 166/696/197 165/697/197
f 166/698/198 158/699/198 77/700/198
f 159/701/199 167/702/199 78/703/199
f 159/704/200 160/705/200 168/706/200 167/707/200
f 160/708/201 161/709/201 169/710/201 168/711/201
f 161/712/202 162/713/202 170/714/202 169/715/202
f 162/716/203 163/717/203 171/718/203 170/719/203
f 163/720/204 164/721/204 172/722/204 171/723/204
f 164/724/205 165/725/205 173/726/205 172/727/205
f 165/728/206 166/729/206 174/730/206 173/731/206
f 174/732/207 166/733/207 77/734/207
f 167/735/208 175/736/208 78/737/208
f 167/738/209 168/739/209 176/740/209 175/741/209
f 168/742/210 169/743/210 177/744/210 176/745/210
f 169/746/211 170/747/211 178/748/211 177/749/211
f 170/750/212 171/751/212 179/752/212 178/753/212
f 171/754/213 172/755/213 180/756/213 179/757/213
f 172/758/214 173/759/214 181/760/214 180/761/214
f 173/762/215 174/763/215 182/764/215 181/765/215
f 182/766/216 174/767/216 77/768/216
f 175/769/217 183/770/217 78/771/217
f 175/772/218 176/773/218 184/774/218 183/775/218
f 176/776/219 177/777/219 185/778/219 184/779/219
f 177/780/220 178/781/220 186/782/220 185/783/220
f 178/784/221 179/785/221 187/786/221 186/787/221
f 179/788/222 180/789/222 188/790/222 187/791/222
f 180/792/223 181/793/223 189/794/223 188/795/223
f 181/796/224 182/797/224 190/798/224 189/799/224
f 190/800/225 182/801/225 77/802/225
f 183/803/226 191/804/226 78/805/226
f 183/806/227 184/807/227 192/808/227 191/809/227
f 184/810/228 185/811/228 193/812/228 192/813/228
f 185/814/229 186/815/229 194/816/229 193/817/229
f 186/818/230 187/819/230 195/820/230 194/821/230
f 187/822/231 188/823/231 196/824/231 195/825/231
f 188/826/232 189/827/232 197/828/232 196/829/232
f 189/830/233 190/831/233 198/832/233 197/833/233
f 198/834/234 190/835/234 77/836/234
f 191/837/235 199/838/235 78/839/235
f 191/840/236 192/841/236 200/842/236 199/843/236
f 192/844/237 193/845/237 201/846/237 200/847/237
f 193/848/238 194/849/238 202/850/238 201/851/238
f 194/852/239 195/853/239 203/854/239 202/855/239
f 195/856/240 196/857/240 204/858/240 203/859/240
f 196/860/241 197/861/241 205/862/241 204/863/241
f 197/864/242 198/865/242 206/866/242 205/867/242
f 206/868/243 198/869/243 77/870/243
f 199/871/244 207/872/244 78/873/244
f 199/874/245 200/875/245 208/876/245 207/877/245
f 200/878/246 201/879/246 209/880/246 208/881/246
f 201/882/247 202/883/247 210/884/247 209/885/247
f 202/886/248 203/887/248 211/888/248 210/889/248
f 203/890/249 204/891/249 212/892/249 211/893/249
f 204/894/250 205/895/250 213/896/250 212/897/250
f 205/898/251 206/899/251 214/900/251 213/901/251
f 214/902/252 206/903/252 77/904/252
f 207/905/253 215/906/253 78/907/253
f 207/908/254 208/909/254 216/910/254 215/911/254
f 208/912/255 209/913/255 217/914/255 216/915/255
f 209/916/256 210/917/256 218/918/256 217/919/256
f 210/920/257 211/921/257 219/922/257 218/923/257
f 211/924/258 212/925/258 220/926/258 219/927/258
f 212/928/259 213/929/259 221/930/259 220/931/259
f 213/932/260 214/933/260 222/934/260 221/935/260
f 222/936/261 214/937/261 77/938/261
f 215/939/262 79/940/262 78/941/262
f 215/942/263 216/943/263 80/944/263 79/945/263
f 216/946/264 217/947/264 81/948/264 80/949/264
f 217/950/265 218/951/265 82/952/265 81/953/265
f 218/954/266 219/955/266 83/956/266 82/957/266
f 219/958/267 220/959/267 84/960/267 83/961/267
f 220/962/268 221/963/268 85/964/268 84/965/268
f 221/966/269 222/967/269 86/968/269 85/969/269
f 86/970/270 222/971/270 77/972/270
o cylinder
v 0.000609121329158975 -0.0527119653633054 -0.041860813163913296
v -0.04027678834372073 0.052711965363305385 0.011422741713477257
v 0.20017840069312937 0.23272845157094424 -0.4534827340804696
v 0.15929249102024964 0.33815238229755507 -0.400199179203079
v 0.02973276587369087 0.19830012463677987 -0.5161522628554851
v -0.011153143799188824 0.3037240553633907 -0.46286870797809454
v -0.1442256102970348 0.13359603510470175 -0.5216152430013989
v -0.18511151996991454 0.23901996583131252 -0.4683316881240085
v -0.3007147803006561 0.046420451102937146 -0.4692127584876136
v -0.3416006899735359 0.15184438182954793 -0.41592920361022306
v -0.42085984070055976 -0.052711965363305385 -0.365265322324796
v -0.4617457503734395 0.0527119653633054 -0.31198176744740547
v -0.49016952406027187 -0.15184438182954793 -0.22231052941495347
v -0.5310554337331516 -0.046420451102937146 -0.1690269745375629
v -0.5002840596646266 -0.23901996583131258 -0.057590837571057284
v -0.5411699693375064 -0.1335960351047018 -0.004307282693666752
v -0.44998348524509174 -0.3037240553633907 0.10902612736677592
v -0.4908693949179714 -0.19830012463677993 0.16230968224416648
v -0.3453347924340783 -0.33815238229755507 0.2574439004225322
v -0.38622070210695797 -0.2327284515709443 0.31072745529992274
v -0.1989601580348114 -0.33815238229755507 0.3697611077526431
v -0.23984606770769112 -0.2327284515709443 0.4230446626300336
v -0.028514523215372893 -0.3037240553633907 0.4324306365276587
v -0.0694004328882526 -0.19830012463677993 0.48571419140504923
v 0.1454438529553526 -0.23901996583131263 0.4378936166735724
v 0.10455794328247284 -0.13359603510470186 0.49117717155096297
v 0.30193302295897384 -0.15184438182954813 0.38549113215978725
v 0.2610471132860941 -0.04642045110293734 0.4387746870371778
v 0.4220780833588777 -0.052711965363305455 0.2815436959969695
v 0.38119217368599795 0.05271196536330533 0.33482725087436005
v 0.4913877667185898 0.04642045110293719 0.13858890308712665
v 0.45050185704571005 0.15184438182954796 0.1918724579645172
v 0.5015023023229447 0.1335960351047017 -0.026130788756769156
v 0.4606163926500648 0.23901996583131246 0.027152766120621404
v 0.45120172790340973 0.19830012463677976 -0.19274775369460223
v 0.41031581823053004 0.3037240553633906 -0.13946419881721167
v 0.34655303509239604 0.23272845157094424 -0.3411655267503588
v 0.30566712541951635 0.33815238229755507 -0.28788197187296827
vt 0.2138546875 0.9830390625000001
vt 0.1673328125 1
vt 0.142578125 0.859375
vt 0.6185046875 0.375
vt 0.668021875 0.375
vt 0.668021875 0.40625
vt 0.6185046875 0.40625
vt 0.3860828125 0.484375
vt 0.43260468750000003 0.5013359374999999
vt 0.361328125 0.625
vt 0.2517796875 0.9511609375
vt 0.2138546875 0.9830390625000001
vt 0.142578125 0.859375
vt 0.668021875 0.375
vt 0.7175640624999999 0.375
vt 0.7175640624999999 0.40625
vt 0.668021875 0.40625
vt 0.43260468750000003 0.5013359374999999
vt 0.4705296875 0.5332140625
vt 0.361328125 0.625
vt 0.276534375 0.9082140625
vt 0.2517796875 0.9511609375
vt 0.142578125 0.859375
vt 0.71875 0.375
vt 0.7683203125 0.375
vt 0.7683203125 0.40625
vt 0.71875 0.40625
vt 0.4705296875 0.5332140625
vt 0.495284375 0.5761609375
vt 0.361328125 0.625
vt 0.28513125 0.859375
vt 0.276534375 0.9082140625
vt 0.142578125 0.859375
vt 0.7683203125 0.375
vt 0.8179109375 0.375
vt 0.8179109375 0.40625
vt 0.7683203125 0.40625
vt 0.495284375 0.5761609375
vt 0.5038812500000001 0.625
vt 0.361328125 0.625
vt 0.276534375 0.8105359375
vt 0.28513125 0.859375
vt 0.142578125 0.859375
vt 0.8179109375 0.375
vt 0.8675015625 0.375
vt 0.8675015625 0.40625
vt 0.8179109375 0.40625
vt 0.5038812500000001 0.625
vt 0.495284375 0.6738390625
vt 0.361328125 0.625
vt 0.2517796875 0.7675890625
vt 0.276534375 0.8105359375
vt 0.142578125 0.859375
vt 0.8675015625 0.375
vt 0.917071875 0.375
vt 0.917071875 0.40625
vt 0.8675015625 0.40625
vt 0.495284375 0.6738390625
vt 0.4705296875 0.7167859375
vt 0.361328125 0.625
vt 0.2138546875 0.7357109374999999
vt 0.2517796875 0.7675890625
vt 0.142578125 0.859375
vt 0.016810937500000067 0.375
vt 0.06635312500000001 0.375
vt 0.06635312500000001 0.40625
vt 0.016810937500000067 0.40625
vt 0.4705296875 0.7167859375
vt 0.43260468750000003 0.7486640625000001
vt 0.361328125 0.625
vt 0.16733281249999998 0.71875
vt 0.2138546875 0.7357109374999999
vt 0.142578125 0.859375
vt 0.06635312500000001 0.375
vt 0.11587031250000002 0.375
vt 0.11587031250000002 0.40625
vt 0.06635312500000001 0.40625
vt 0.43260468750000003 0.7486640625000001
vt 0.3860828125 0.765625
vt 0.361328125 0.625
vt 0.11782343749999999 0.71875
vt 0.16733281249999998 0.71875
vt 0.142578125 0.859375
vt 0.11587031250000002 0.375
vt 0.16537968749999998 0.375
vt 0.16537968749999998 0.40625
vt 0.11587031250000002 0.40625
vt 0.3860828125 0.765625
vt 0.3365734375 0.765625
vt 0.361328125 0.625
vt 0.0713015625 0.7357109374999999
vt 0.11782343749999999 0.71875
vt 0.142578125 0.859375
vt 0.16537968749999998 0.375
vt 0.214896875 0.375
vt 0.214896875 0.40625
vt 0.16537968749999998 0.40625
vt 0.3365734375 0.765625
vt 0.29005156249999997 0.7486640625000001
vt 0.361328125 0.625
vt 0.0333765625 0.7675890625
vt 0.0713015625 0.7357109374999999
vt 0.142578125 0.859375
vt 0.214896875 0.375
vt 0.26443906249999993 0.375
vt 0.26443906249999993 0.40625
vt 0.214896875 0.40625
vt 0.29005156249999997 0.7486640625000001
vt 0.2521265625 0.7167859375
vt 0.361328125 0.625
vt 0.008621875000000001 0.8105359375
vt 0.0333765625 0.7675890625
vt 0.142578125 0.859375
vt 0.265625 0.375
vt 0.3151953125 0.375
vt 0.3151953125 0.40625
vt 0.265625 0.40625
vt 0.2521265625 0.7167859375
vt 0.227371875 0.6738390625
vt 0.361328125 0.625
vt 0.000024999999999997247 0.859375
vt 0.008621875000000001 0.8105359375
vt 0.142578125 0.859375
vt 0.3151953125 0.375
vt 0.3647859375 0.375
vt 0.3647859375 0.40625
vt 0.3151953125 0.40625
vt 0.227371875 0.6738390625
vt 0.218775 0.625
vt 0.361328125 0.625
vt 0.008621875000000001 0.9082140625
vt 0.000024999999999997247 0.859375
vt 0.142578125 0.859375
vt 0.3647859375 0.375
vt 0.4143765625 0.375
vt 0.4143765625 0.40625
vt 0.3647859375 0.40625
vt 0.218775 0.625
vt 0.227371875 0.5761609375
vt 0.361328125 0.625
vt 0.0333765625 0.9511609375
vt 0.008621875000000001 0.9082140625
vt 0.142578125 0.859375
vt 0.4143765625 0.375
vt 0.463946875 0.375
vt 0.463946875 0.40625
vt 0.4143765625 0.40625
vt 0.227371875 0.5761609375
vt 0.2521265625 0.5332140625
vt 0.361328125 0.625
vt 0.0713015625 0.9830390625000001
vt 0.0333765625 0.9511609375
vt 0.142578125 0.859375
vt 0.46993593750000007 0.375
vt 0.519478125 0.375
vt 0.519478125 0.40625
vt 0.46993593750000007 0.40625
vt 0.2521265625 0.5332140625
vt 0.29005156249999997 0.5013359374999999
vt 0.361328125 0.625
vt 0.1178234375 1
vt 0.0713015625 0.9830390625000001
vt 0.142578125 0.859375
vt 0.519478125 0.375
vt 0.5689953125 0.375
vt 0.5689953125 0.40625
vt 0.519478125 0.40625
vt 0.29005156249999997 0.5013359374999999
vt 0.3365734375 0.484375
vt 0.361328125 0.625
vt 0.1673328125 1
vt 0.1178234375 1
vt 0.142578125 0.859375
vt 0.5689953125 0.375
vt 0.6185046875 0.375
vt 0.6185046875 0.40625
vt 0.5689953125 0.40625
vt 0.3365734375 0.484375
vt 0.3860828125 0.484375
vt 0.361328125 0.625
vn 0.3270872773830378 -0.8433914458128865 -0.4262684390191246
vn 0.206556910601577 0.5039808248242833 -0.8386522347744427
vn -0.3270872773830378 0.8433914458128865 0.4262684390191246
vn 0.3270872773830378 -0.8433914458128865 -0.4262684390191246
vn -0.12372670618665782 0.4089768754406664 -0.9041181435691854
vn -0.3270872773830378 0.8433914458128865 0.4262684390191246
vn 0.3270872773830378 -0.8433914458128865 -0.4262684390191246
vn -0.43589818993425816 0.2655712979296788 -0.8599213067065982
vn -0.3270872773830378 0.8433914458128865 0.4262684390191246
vn 0.3270872773830378 -0.8433914458128865 -0.4262684390191246
vn -0.69381531006135 0.09192544540743723 -0.7142618763528661
vn -0.3270872773830378 0.8433914458128865 0.4262684390191246
vn 0.3270872773830378 -0.8433914458128865 -0.4262684390191246
vn -0.8694966091305105 -0.09192544540743679 -0.48530954987223207
vn -0.3270872773830378 0.8433914458128865 0.4262684390191246
vn 0.3270872773830378 -0.8433914458128865 -0.4262684390191246
vn -0.9434389520048483 -0.2655712979296789 -0.19848130782504325
vn -0.3270872773830378 0.8433914458128865 0.4262684390191246
vn 0.3270872773830378 -0.8433914458128865 -0.4262684390191246
vn -0.9053338928389147 -0.4089768754406663 0.11449217367106851
vn -0.3270872773830378 0.8433914458128865 0.4262684390191246
vn 0.3270872773830378 -0.8433914458128865 -0.4262684390191246
vn -0.7566149904824504 -0.5039808248242833 0.416577825125962
vn -0.3270872773830378 0.8433914458128865 0.4262684390191246
vn 0.3270872773830378 -0.8433914458128865 -0.4262684390191246
vn -0.5134241817667835 -0.5372996083468229 0.6691074207087078
vn -0.3270872773830378 0.8433914458128865 0.4262684390191246
vn 0.3270872773830378 -0.8433914458128865 -0.4262684390191246
vn -0.2065569106015771 -0.5039808248242834 0.8386522347744428
vn -0.3270872773830378 0.8433914458128865 0.4262684390191246
vn 0.3270872773830378 -0.8433914458128865 -0.4262684390191246
vn 0.12372670618665832 -0.40897687544066624 0.9041181435691854
vn -0.3270872773830378 0.8433914458128865 0.4262684390191246
vn 0.3270872773830378 -0.8433914458128865 -0.4262684390191246
vn 0.43589818993425766 -0.2655712979296791 0.8599213067065983
vn -0.3270872773830378 0.8433914458128865 0.4262684390191246
vn 0.3270872773830378 -0.8433914458128865 -0.4262684390191246
vn 0.6938153100613498 -0.09192544540743741 0.7142618763528663
vn -0.3270872773830378 0.8433914458128865 0.4262684390191246
vn 0.3270872773830378 -0.8433914458128865 -0.4262684390191246
vn 0.8694966091305107 0.09192544540743701 0.48530954987223185
vn -0.3270872773830378 0.8433914458128865 0.4262684390191246
vn 0.3270872773830378 -0.8433914458128865 -0.4262684390191246
vn 0.9434389520048483 0.2655712979296788 0.1984813078250433
vn -0.3270872773830378 0.8433914458128865 0.4262684390191246
vn 0.3270872773830378 -0.8433914458128865 -0.4262684390191246
vn 0.905333892838915 0.40897687544066613 -0.11449217367106801
vn -0.3270872773830378 0.8433914458128865 0.4262684390191246
vn 0.3270872773830378 -0.8433914458128865 -0.4262684390191246
vn 0.7566149904824504 0.5039808248242833 -0.416577825125962
vn -0.3270872773830378 0.8433914458128865 0.4262684390191246
vn 0.3270872773830378 -0.8433914458128865 -0.4262684390191246
vn 0.5134241817667835 0.5372996083468229 -0.6691074207087078
vn -0.3270872773830378 0.8433914458128865 0.4262684390191246
usemtl m_664d2008-a804-81ce-e447-b8f3e41a67fd
f 227/973/271 225/974/271 223/975/271
f 225/976/272 227/977/272 228/978/272 226/979/272
f 226/980/273 228/981/273 224/982/273
f 229/983/274 227/984/274 223/985/274
f 227/986/275 229/987/275 230/988/275 228/989/275
f 228/990/276 230/991/276 224/992/276
f 231/993/277 229/994/277 223/995/277
f 229/996/278 231/997/278 232/998/278 230/999/278
f 230/1000/279 232/1001/279 224/1002/279
f 233/1003/280 231/1004/280 223/1005/280
f 231/1006/281 233/1007/281 234/1008/281 232/1009/281
f 232/1010/282 234/1011/282 224/1012/282
f 235/1013/283 233/1014/283 223/1015/283
f 233/1016/284 235/1017/284 236/1018/284 234/1019/284
f 234/1020/285 236/1021/285 224/1022/285
f 237/1023/286 235/1024/286 223/1025/286
f 235/1026/287 237/1027/287 238/1028/287 236/1029/287
f 236/1030/288 238/1031/288 224/1032/288
f 239/1033/289 237/1034/289 223/1035/289
f 237/1036/290 239/1037/290 240/1038/290 238/1039/290
f 238/1040/291 240/1041/291 224/1042/291
f 241/1043/292 239/1044/292 223/1045/292
f 239/1046/293 241/1047/293 242/1048/293 240/1049/293
f 240/1050/294 242/1051/294 224/1052/294
f 243/1053/295 241/1054/295 223/1055/295
f 241/1056/296 243/1057/296 244/1058/296 242/1059/296
f 242/1060/297 244/1061/297 224/1062/297
f 245/1063/298 243/1064/298 223/1065/298
f 243/1066/299 245/1067/299 246/1068/299 244/1069/299
f 244/1070/300 246/1071/300 224/1072/300
f 247/1073/301 245/1074/301 223/1075/301
f 245/1076/302 247/1077/302 248/1078/302 246/1079/302
f 246/1080/303 248/1081/303 224/1082/303
f 249/1083/304 247/1084/304 223/1085/304
f 247/1086/305 249/1087/305 250/1088/305 248/1089/305
f 248/1090/306 250/1091/306 224/1092/306
f 251/1093/307 249/1094/307 223/1095/307
f 249/1096/308 251/1097/308 252/1098/308 250/1099/308
f 250/1100/309 252/1101/309 224/1102/309
f 253/1103/310 251/1104/310 223/1105/310
f 251/1106/311 253/1107/311 254/1108/311 252/1109/311
f 252/1110/312 254/1111/312 224/1112/312
f 255/1113/313 253/1114/313 223/1115/313
f 253/1116/314 255/1117/314 256/1118/314 254/1119/314
f 254/1120/315 256/1121/315 224/1122/315
f 257/1123/316 255/1124/316 223/1125/316
f 255/1126/317 257/1127/317 258/1128/317 256/1129/317
f 256/1130/318 258/1131/318 224/1132/318
f 259/1133/319 257/1134/319 223/1135/319
f 257/1136/320 259/1137/320 260/1138/320 258/1139/320
f 258/1140/321 260/1141/321 224/1142/321
f 225/1143/322 259/1144/322 223/1145/322
f 259/1146/323 225/1147/323 226/1148/323 260/1149/323
f 260/1150/324 226/1151/324 224/1152/324
o cylinder
v 0.011437507081460706 -0.11476429181841505 -0.0018017162454257597
v -0.023085652738687394 0.06857031519285067 0.016981875212473678
v 0.17885513973912992 -0.034766117535480145 -0.47490869233927435
v 0.14433197991898183 0.1485684894757856 -0.4561251008813749
v 0.0037696051483681846 -0.06404957918489468 -0.5108887103759119
v -0.0307535546717799 0.11928502782637106 -0.4921051189180124
v -0.1703910673030827 -0.09944998364735605 -0.4854653235965707
v -0.2049142271232308 0.08388462336390966 -0.46668173213867126
v -0.32262053017980086 -0.13669751969036442 -0.4017049676560675
v -0.35714368999994894 0.046637087320901285 -0.3829213761981681
v -0.4345576635912591 -0.17129958475204737 -0.2697103776520248
v -0.46908082341140717 0.012035022259218361 -0.2509267861941254
v -0.49270119723189065 -0.19908265911387363 -0.10540204917160714
v -0.5272243570520389 -0.015748052102607917 -0.08661845771370771
v -0.4900381628374702 -0.21669569397329935 0.07140200843778124
v -0.5245613226576183 -0.03336108696203364 0.09018559989568067
v -0.42688976165816644 -0.22201429738556772 0.23937661647846137
v -0.46141292147831453 -0.038679690374301995 0.2581602079363608
v -0.3108726228473474 -0.21439696728493263 0.37826155817953766
v -0.3453957826674955 -0.03106236027366692 0.3970451496374371
v -0.1559801255762085 -0.19476246610134995 0.4713052598484229
v -0.19050328539635658 -0.01142785909008423 0.49008885130632235
v 0.019105409014553317 -0.16547900445193536 0.5072852778850604
v -0.015417750805594769 0.01785560255933033 0.5260688693429598
v 0.193266081466004 -0.13007859998947408 0.4818618911057192
v 0.1587429216458559 0.05325600702179166 0.5006454825636186
v 0.34549554434272195 -0.09283106394646573 0.3981015351652162
v 0.31097238452257386 0.0905035430648 0.4168851266231156
v 0.4574326777541804 -0.058228998884782744 0.26610694516117334
v 0.4229095179340323 0.12510560812648297 0.28489053661907277
v 0.515576211394812 -0.03044592452295644 0.10179861668075552
v 0.481053051574664 0.15288868248830928 0.12058220813865494
v 0.5129131770003915 -0.012832889663530751 -0.0750054409286326
v 0.4783900171802435 0.17050171734773495 -0.056221849470733165
v 0.4497647758210879 -0.007514286251262395 -0.24298004896931258
v 0.41524161600093984 0.1758203207600033 -0.22419645751141315
v 0.3337476370102686 -0.01513161635189747 -0.3818649906703892
v 0.2992244771901205 0.16820299065936828 -0.3630813992124898
vt 0.2138546875 0.9830390625000001
vt 0.1673328125 1
vt 0.142578125 0.859375
vt 0.18100468749999998 0.375
vt 0.230521875 0.375
vt 0.230521875 0.40625
vt 0.18100468749999998 0.40625
vt 0.3860828125 0.484375
vt 0.43260468750000003 0.5013359374999999
vt 0.361328125 0.625
vt 0.2517796875 0.9511609375
vt 0.2138546875 0.9830390625000001
vt 0.142578125 0.859375
vt 0.230521875 0.375
vt 0.28006406249999993 0.375
vt 0.28006406249999993 0.40625
vt 0.230521875 0.40625
vt 0.43260468750000003 0.5013359374999999
vt 0.4705296875 0.5332140625
vt 0.361328125 0.625
vt 0.276534375 0.9082140625
vt 0.2517796875 0.9511609375
vt 0.142578125 0.859375
vt 0.28125 0.375
vt 0.3308203125 0.375
vt 0.3308203125 0.40625
vt 0.28125 0.40625
vt 0.4705296875 0.5332140625
vt 0.495284375 0.5761609375
vt 0.361328125 0.625
vt 0.28513125 0.859375
vt 0.276534375 0.9082140625
vt 0.142578125 0.859375
vt 0.3308203125 0.375
vt 0.3804109375 0.375
vt 0.3804109375 0.40625
vt 0.3308203125 0.40625
vt 0.495284375 0.5761609375
vt 0.5038812500000001 0.625
vt 0.361328125 0.625
vt 0.276534375 0.8105359375
vt 0.28513125 0.859375
vt 0.142578125 0.859375
vt 0.3804109375 0.375
vt 0.4300015625 0.375
vt 0.4300015625 0.40625
vt 0.3804109375 0.40625
vt 0.5038812500000001 0.625
vt 0.495284375 0.6738390625
vt 0.361328125 0.625
vt 0.2517796875 0.7675890625
vt 0.276534375 0.8105359375
vt 0.142578125 0.859375
vt 0.4300015625 0.375
vt 0.479571875 0.375
vt 0.479571875 0.40625
vt 0.4300015625 0.40625
vt 0.495284375 0.6738390625
vt 0.4705296875 0.7167859375
vt 0.361328125 0.625
vt 0.2138546875 0.7357109374999999
vt 0.2517796875 0.7675890625
vt 0.142578125 0.859375
vt 0.48556093750000007 0.375
vt 0.535103125 0.375
vt 0.535103125 0.40625
vt 0.48556093750000007 0.40625
vt 0.4705296875 0.7167859375
vt 0.43260468750000003 0.7486640625000001
vt 0.361328125 0.625
vt 0.16733281249999998 0.71875
vt 0.2138546875 0.7357109374999999
vt 0.142578125 0.859375
vt 0.535103125 0.375
vt 0.5846203125 0.375
vt 0.5846203125 0.40625
vt 0.535103125 0.40625
vt 0.43260468750000003 0.7486640625000001
vt 0.3860828125 0.765625
vt 0.361328125 0.625
vt 0.11782343749999999 0.71875
vt 0.16733281249999998 0.71875
vt 0.142578125 0.859375
vt 0.5846203125 0.375
vt 0.6341296875 0.375
vt 0.6341296875 0.40625
vt 0.5846203125 0.40625
vt 0.3860828125 0.765625
vt 0.3365734375 0.765625
vt 0.361328125 0.625
vt 0.0713015625 0.7357109374999999
vt 0.11782343749999999 0.71875
vt 0.142578125 0.859375
vt 0.6341296875 0.375
vt 0.683646875 0.375
vt 0.683646875 0.40625
vt 0.6341296875 0.40625
vt 0.3365734375 0.765625
vt 0.29005156249999997 0.7486640625000001
vt 0.361328125 0.625
vt 0.0333765625 0.7675890625
vt 0.0713015625 0.7357109374999999
vt 0.142578125 0.859375
vt 0.683646875 0.375
vt 0.7331890624999999 0.375
vt 0.7331890624999999 0.40625
vt 0.683646875 0.40625
vt 0.29005156249999997 0.7486640625000001
vt 0.2521265625 0.7167859375
vt 0.361328125 0.625
vt 0.008621875000000001 0.8105359375
vt 0.0333765625 0.7675890625
vt 0.142578125 0.859375
vt 0.734375 0.375
vt 0.7839453125 0.375
vt 0.7839453125 0.40625
vt 0.734375 0.40625
vt 0.2521265625 0.7167859375
vt 0.227371875 0.6738390625
vt 0.361328125 0.625
vt 0.000024999999999997247 0.859375
vt 0.008621875000000001 0.8105359375
vt 0.142578125 0.859375
vt 0.7839453125 0.375
vt 0.8335359375 0.375
vt 0.8335359375 0.40625
vt 0.7839453125 0.40625
vt 0.227371875 0.6738390625
vt 0.218775 0.625
vt 0.361328125 0.625
vt 0.008621875000000001 0.9082140625
vt 0.000024999999999997247 0.859375
vt 0.142578125 0.859375
vt 0.8335359375 0.375
vt 0.8831265625 0.375
vt 0.8831265625 0.40625
vt 0.8335359375 0.40625
vt 0.218775 0.625
vt 0.227371875 0.5761609375
vt 0.361328125 0.625
vt 0.0333765625 0.9511609375
vt 0.008621875000000001 0.9082140625
vt 0.142578125 0.859375
vt 0.8831265625 0.375
vt 0.932696875 0.375
vt 0.932696875 0.40625
vt 0.8831265625 0.40625
vt 0.227371875 0.5761609375
vt 0.2521265625 0.5332140625
vt 0.361328125 0.625
vt 0.0713015625 0.9830390625000001
vt 0.0333765625 0.9511609375
vt 0.142578125 0.859375
vt 0.03243593750000001 0.375
vt 0.08197812500000001 0.375
vt 0.08197812500000001 0.40625
vt 0.03243593750000001 0.40625
vt 0.2521265625 0.5332140625
vt 0.29005156249999997 0.5013359374999999
vt 0.361328125 0.625
vt 0.1178234375 1
vt 0.0713015625 0.9830390625000001
vt 0.142578125 0.859375
vt 0.08197812500000001 0.375
vt 0.13149531250000002 0.375
vt 0.13149531250000002 0.40625
vt 0.08197812500000001 0.40625
vt 0.29005156249999997 0.5013359374999999
vt 0.3365734375 0.484375
vt 0.361328125 0.625
vt 0.1673328125 1
vt 0.1178234375 1
vt 0.142578125 0.859375
vt 0.13149531250000002 0.375
vt 0.18100468749999998 0.375
vt 0.18100468749999998 0.40625
vt 0.13149531250000002 0.40625
vt 0.3365734375 0.484375
vt 0.3860828125 0.484375
vt 0.361328125 0.625
vn 0.18412351904078994 -0.9777845707267505 -0.10017915444213038
vn 0.17803583022545086 0.13341287978260402 -0.9749380732457046
vn -0.18412351904078994 0.9777845707267505 0.10017915444213038
vn 0.18412351904078994 -0.9777845707267505 -0.10017915444213038
vn -0.1582174394871613 0.07110864549299496 -0.9848404959069657
vn -0.18412351904078994 0.9777845707267505 0.10017915444213038
vn 0.18412351904078994 -0.9777845707267505 -0.10017915444213038
vn -0.4818875811311456 -0.000968111699877483 -0.8762325158947882
vn -0.18412351904078994 0.9777845707267505 0.10017915444213038
vn 0.18412351904078994 -0.9777845707267505 -0.10017915444213038
vn -0.7509002733893226 -0.07416462611267056 -0.6562380571541159
vn -0.18412351904078994 0.9777845707267505 0.10017915444213038
vn 0.18412351904078994 -0.9777845707267505 -0.10017915444213038
vn -0.9260502538794335 -0.1384091763151577 -0.35110372712575477
vn -0.18412351904078994 0.9777845707267505 0.10017915444213038
vn 0.18412351904078994 -0.9777845707267505 -0.10017915444213038
vn -0.9827888601480701 -0.18469737776228357 -0.003596528408577938
vn -0.18412351904078994 0.9777845707267505 0.10017915444213038
vn 0.18412351904078994 -0.9777845707267505 -0.10017915444213038
vn -0.9178111023179185 -0.20750830364207465 0.33847168918767206
vn -0.18412351904078994 0.9777845707267505 0.10017915444213038
vn 0.18412351904078994 -0.9777845707267505 -0.10017915444213038
vn -0.7455342330108262 -0.20535017989382723 0.634042594015995
vn -0.18412351904078994 0.9777845707267505 0.10017915444213038
vn 0.18412351904078994 -0.9777845707267505 -0.10017915444213038
vn -0.4897277625864773 -0.17963084974945245 0.8531702505188122
vn -0.18412351904078994 0.9777845707267505 0.10017915444213038
vn 0.18412351904078994 -0.9777845707267505 -0.10017915444213038
vn -0.17803583022545072 -0.133412879782604 0.9749380732457047
vn -0.18412351904078994 0.9777845707267505 0.10017915444213038
vn 0.18412351904078994 -0.9777845707267505 -0.10017915444213038
vn 0.1582174394871616 -0.0711086454929949 0.9848404959069657
vn -0.18412351904078994 0.9777845707267505 0.10017915444213038
vn 0.18412351904078994 -0.9777845707267505 -0.10017915444213038
vn 0.4818875811311449 0.0009681116998773304 0.8762325158947886
vn -0.18412351904078994 0.9777845707267505 0.10017915444213038
vn 0.18412351904078994 -0.9777845707267505 -0.10017915444213038
vn 0.7509002733893224 0.07416462611267047 0.6562380571541161
vn -0.18412351904078994 0.9777845707267505 0.10017915444213038
vn 0.18412351904078994 -0.9777845707267505 -0.10017915444213038
vn 0.9260502538794336 0.13840917631515773 0.3511037271257547
vn -0.18412351904078994 0.9777845707267505 0.10017915444213038
vn 0.18412351904078994 -0.9777845707267505 -0.10017915444213038
vn 0.9827888601480701 0.18469737776228357 0.003596528408577826
vn -0.18412351904078994 0.9777845707267505 0.10017915444213038
vn 0.18412351904078994 -0.9777845707267505 -0.10017915444213038
vn 0.9178111023179185 0.20750830364207462 -0.33847168918767195
vn -0.18412351904078994 0.9777845707267505 0.10017915444213038
vn 0.18412351904078994 -0.9777845707267505 -0.10017915444213038
vn 0.7455342330108264 0.2053501798938272 -0.6340425940159947
vn -0.18412351904078994 0.9777845707267505 0.10017915444213038
vn 0.18412351904078994 -0.9777845707267505 -0.10017915444213038
vn 0.4897277625864773 0.17963084974945245 -0.8531702505188122
vn -0.18412351904078994 0.9777845707267505 0.10017915444213038
usemtl m_e058fce8-0043-d235-134a-03cef65e020c
f 265/1153/325 263/1154/325 261/1155/325
f 263/1156/326 265/1157/326 266/1158/326 264/1159/326
f 264/1160/327 266/1161/327 262/1162/327
f 267/1163/328 265/1164/328 261/1165/328
f 265/1166/329 267/1167/329 268/1168/329 266/1169/329
f 266/1170/330 268/1171/330 262/1172/330
f 269/1173/331 267/1174/331 261/1175/331
f 267/1176/332 269/1177/332 270/1178/332 268/1179/332
f 268/1180/333 270/1181/333 262/1182/333
f 271/1183/334 269/1184/334 261/1185/334
f 269/1186/335 271/1187/335 272/1188/335 270/1189/335
f 270/1190/336 272/1191/336 262/1192/336
f 273/1193/337 271/1194/337 261/1195/337
f 271/1196/338 273/1197/338 274/1198/338 272/1199/338
f 272/1200/339 274/1201/339 262/1202/339
f 275/1203/340 273/1204/340 261/1205/340
f 273/1206/341 275/1207/341 276/1208/341 274/1209/341
f 274/1210/342 276/1211/342 262/1212/342
f 277/1213/343 275/1214/343 261/1215/343
f 275/1216/344 277/1217/344 278/1218/344 276/1219/344
f 276/1220/345 278/1221/345 262/1222/345
f 279/1223/346 277/1224/346 261/1225/346
f 277/1226/347 279/1227/347 280/1228/347 278/1229/347
f 278/1230/348 280/1231/348 262/1232/348
f 281/1233/349 279/1234/349 261/1235/349
f 279/1236/350 281/1237/350 282/1238/350 280/1239/350
f 280/1240/351 282/1241/351 262/1242/351
f 283/1243/352 281/1244/352 261/1245/352
f 281/1246/353 283/1247/353 284/1248/353 282/1249/353
f 282/1250/354 284/1251/354 262/1252/354
f 285/1253/355 283/1254/355 261/1255/355
f 283/1256/356 285/1257/356 286/1258/356 284/1259/356
f 284/1260/357 286/1261/357 262/1262/357
f 287/1263/358 285/1264/358 261/1265/358
f 285/1266/359 287/1267/359 288/1268/359 286/1269/359
f 286/1270/360 288/1271/360 262/1272/360
f 289/1273/361 287/1274/361 261/1275/361
f 287/1276/362 289/1277/362 290/1278/362 288/1279/362
f 288/1280/363 290/1281/363 262/1282/363
f 291/1283/364 289/1284/364 261/1285/364
f 289/1286/365 291/1287/365 292/1288/365 290/1289/365
f 290/1290/366 292/1291/366 262/1292/366
f 293/1293/367 291/1294/367 261/1295/367
f 291/1296/368 293/1297/368 294/1298/368 292/1299/368
f 292/1300/369 294/1301/369 262/1302/369
f 295/1303/370 293/1304/370 261/1305/370
f 293/1306/371 295/1307/371 296/1308/371 294/1309/371
f 294/1310/372 296/1311/372 262/1312/372
f 297/1313/373 295/1314/373 261/1315/373
f 295/1316/374 297/1317/374 298/1318/374 296/1319/374
f 296/1320/375 298/1321/375 262/1322/375
f 263/1323/376 297/1324/376 261/1325/376
f 297/1326/377 263/1327/377 264/1328/377 298/1329/377
f 298/1330/378 264/1331/378 262/1332/378
o cylinder
v -0.004705347587041733 -0.0514351548127215 0.04316867560484679
v 0.04800661777626364 0.02681496098741626 -0.03882747116317349
v 0.16552702696295887 0.15948752143047246 0.35389067750548436
v 0.21823899232626426 0.23773763723061023 0.27189453073746406
v 0.2671812734390582 0.06457429217534724 0.3286629547107799
v 0.31989323880236353 0.14282440797548498 0.24666680794275958
v 0.3360419808002395 -0.044331388503631074 0.269000408409085
v 0.38875394616354486 0.03391872729650667 0.18700426164106468
v 0.36380353146294 -0.15409388823991052 0.18209922220978883
v 0.41651549682624533 -0.07584377243977279 0.10010307544176857
v 0.34711747270038634 -0.2514742296433264 0.07844096169344214
v 0.3998294380636917 -0.17322411384318864 -0.0035551850745781355
v 0.28799638945934253 -0.3247269063598516 -0.029471657088690238
v 0.3407083548226479 -0.24647679055971383 -0.11146780385671051
v 0.19357115691293936 -0.3650165644831046 -0.12862277969084884
v 0.24628312227624471 -0.28676644868296686 -0.21061892645886912
v 0.07523085167428639 -0.3674836766313951 -0.20705331741249103
v 0.12794281703759175 -0.28923356083125734 -0.28904946418051125
v -0.05275093892793861 -0.33183067266894206 -0.2553033898929284
v -0.000038973564633230234 -0.25358055686880426 -0.33729953666094864
v -0.1749377221370424 -0.2623578310559154 -0.2675533262957908
v -0.12222575677373701 -0.1841077152557777 -0.34954947306381107
v -0.27659196861314167 -0.16744460180079024 -0.24232560350108637
v -0.2238800032498363 -0.08919448600065247 -0.3243217502691066
v -0.3454526759743229 -0.05853892112181199 -0.18266305719939144
v -0.29274071061101753 0.01971119467832575 -0.26465920396741166
v -0.37321422663702336 0.05122357861446734 -0.09576187100009542
v -0.320502261273718 0.12947369441460507 -0.1777580177681157
v -0.3565281678744698 0.14860392001788336 0.007896389516251389
v -0.3038162025111644 0.2268540358180211 -0.07409975725176889
v -0.2974070846334259 0.2218565967344086 0.1158090082983839
v -0.24469511927012055 0.30010671253454635 0.03381286153036363
v -0.2029818520870229 0.26214625485766163 0.21496013090054228
v -0.15026988672371755 0.3403963706577994 0.132963984132522
v -0.08464154684837005 0.26461336700595217 0.29339066862218444
v -0.031929581485064695 0.3428634828060899 0.21139452185416413
v 0.04334024375385523 0.22896036304349898 0.341640741102622
v 0.09605220911716061 0.3072104788436367 0.2596445943346017
vt 0.2138546875 0.9830390625000001
vt 0.1673328125 1
vt 0.142578125 0.859375
vt 0.6185046875 0.375
vt 0.668021875 0.375
vt 0.668021875 0.40625
vt 0.6185046875 0.40625
vt 0.3860828125 0.484375
vt 0.43260468750000003 0.5013359374999999
vt 0.361328125 0.625
vt 0.2517796875 0.9511609375
vt 0.2138546875 0.9830390625000001
vt 0.142578125 0.859375
vt 0.668021875 0.375
vt 0.7175640624999999 0.375
vt 0.7175640624999999 0.40625
vt 0.668021875 0.40625
vt 0.43260468750000003 0.5013359374999999
vt 0.4705296875 0.5332140625
vt 0.361328125 0.625
vt 0.276534375 0.9082140625
vt 0.2517796875 0.9511609375
vt 0.142578125 0.859375
vt 0.71875 0.375
vt 0.7683203125 0.375
vt 0.7683203125 0.40625
vt 0.71875 0.40625
vt 0.4705296875 0.5332140625
vt 0.495284375 0.5761609375
vt 0.361328125 0.625
vt 0.28513125 0.859375
vt 0.276534375 0.9082140625
vt 0.142578125 0.859375
vt 0.7683203125 0.375
vt 0.8179109375 0.375
vt 0.8179109375 0.40625
vt 0.7683203125 0.40625
vt 0.495284375 0.5761609375
vt 0.5038812500000001 0.625
vt 0.361328125 0.625
vt 0.276534375 0.8105359375
vt 0.28513125 0.859375
vt 0.142578125 0.859375
vt 0.8179109375 0.375
vt 0.8675015625 0.375
vt 0.8675015625 0.40625
vt 0.8179109375 0.40625
vt 0.5038812500000001 0.625
vt 0.495284375 0.6738390625
vt 0.361328125 0.625
vt 0.2517796875 0.7675890625
vt 0.276534375 0.8105359375
vt 0.142578125 0.859375
vt 0.8675015625 0.375
vt 0.917071875 0.375
vt 0.917071875 0.40625
vt 0.8675015625 0.40625
vt 0.495284375 0.6738390625
vt 0.4705296875 0.7167859375
vt 0.361328125 0.625
vt 0.2138546875 0.7357109374999999
vt 0.2517796875 0.7675890625
vt 0.142578125 0.859375
vt 0.016810937500000067 0.375
vt 0.06635312500000001 0.375
vt 0.06635312500000001 0.40625
vt 0.016810937500000067 0.40625
vt 0.4705296875 0.7167859375
vt 0.43260468750000003 0.7486640625000001
vt 0.361328125 0.625
vt 0.16733281249999998 0.71875
vt 0.2138546875 0.7357109374999999
vt 0.142578125 0.859375
vt 0.06635312500000001 0.375
vt 0.11587031250000002 0.375
vt 0.11587031250000002 0.40625
vt 0.06635312500000001 0.40625
vt 0.43260468750000003 0.7486640625000001
vt 0.3860828125 0.765625
vt 0.361328125 0.625
vt 0.11782343749999999 0.71875
vt 0.16733281249999998 0.71875
vt 0.142578125 0.859375
vt 0.11587031250000002 0.375
vt 0.16537968749999998 0.375
vt 0.16537968749999998 0.40625
vt 0.11587031250000002 0.40625
vt 0.3860828125 0.765625
vt 0.3365734375 0.765625
vt 0.361328125 0.625
vt 0.0713015625 0.7357109374999999
vt 0.11782343749999999 0.71875
vt 0.142578125 0.859375
vt 0.16537968749999998 0.375
vt 0.214896875 0.375
vt 0.214896875 0.40625
vt 0.16537968749999998 0.40625
vt 0.3365734375 0.765625
vt 0.29005156249999997 0.7486640625000001
vt 0.361328125 0.625
vt 0.0333765625 0.7675890625
vt 0.0713015625 0.7357109374999999
vt 0.142578125 0.859375
vt 0.214896875 0.375
vt 0.26443906249999993 0.375
vt 0.26443906249999993 0.40625
vt 0.214896875 0.40625
vt 0.29005156249999997 0.7486640625000001
vt 0.2521265625 0.7167859375
vt 0.361328125 0.625
vt 0.008621875000000001 0.8105359375
vt 0.0333765625 0.7675890625
vt 0.142578125 0.859375
vt 0.265625 0.375
vt 0.3151953125 0.375
vt 0.3151953125 0.40625
vt 0.265625 0.40625
vt 0.2521265625 0.7167859375
vt 0.227371875 0.6738390625
vt 0.361328125 0.625
vt 0.000024999999999997247 0.859375
vt 0.008621875000000001 0.8105359375
vt 0.142578125 0.859375
vt 0.3151953125 0.375
vt 0.3647859375 0.375
vt 0.3647859375 0.40625
vt 0.3151953125 0.40625
vt 0.227371875 0.6738390625
vt 0.218775 0.625
vt 0.361328125 0.625
vt 0.008621875000000001 0.9082140625
vt 0.000024999999999997247 0.859375
vt 0.142578125 0.859375
vt 0.3647859375 0.375
vt 0.4143765625 0.375
vt 0.4143765625 0.40625
vt 0.3647859375 0.40625
vt 0.218775 0.625
vt 0.227371875 0.5761609375
vt 0.361328125 0.625
vt 0.0333765625 0.9511609375
vt 0.008621875000000001 0.9082140625
vt 0.142578125 0.859375
vt 0.4143765625 0.375
vt 0.463946875 0.375
vt 0.463946875 0.40625
vt 0.4143765625 0.40625
vt 0.227371875 0.5761609375
vt 0.2521265625 0.5332140625
vt 0.361328125 0.625
vt 0.0713015625 0.9830390625000001
vt 0.0333765625 0.9511609375
vt 0.142578125 0.859375
vt 0.46993593750000007 0.375
vt 0.519478125 0.375
vt 0.519478125 0.40625
vt 0.46993593750000007 0.40625
vt 0.2521265625 0.5332140625
vt 0.29005156249999997 0.5013359374999999
vt 0.361328125 0.625
vt 0.1178234375 1
vt 0.0713015625 0.9830390625000001
vt 0.142578125 0.859375
vt 0.519478125 0.375
vt 0.5689953125 0.375
vt 0.5689953125 0.40625
vt 0.519478125 0.40625
vt 0.29005156249999997 0.5013359374999999
vt 0.3365734375 0.484375
vt 0.361328125 0.625
vt 0.1673328125 1
vt 0.1178234375 1
vt 0.142578125 0.859375
vt 0.5689953125 0.375
vt 0.6185046875 0.375
vt 0.6185046875 0.40625
vt 0.5689953125 0.40625
vt 0.3365734375 0.484375
vt 0.3860828125 0.484375
vt 0.361328125 0.625
vn -0.42169572290644297 -0.6260009264011023 0.6559691741441622
vn 0.5522124235521323 0.3965010344451142 0.7333814621045687
vn 0.42169572290644297 0.6260009264011023 -0.6559691741441622
vn -0.42169572290644297 -0.6260009264011023 0.6559691741441622
vn 0.7661502947578464 0.14093042860169464 0.6270186122728798
vn 0.42169572290644297 0.6260009264011023 -0.6559691741441622
vn -0.42169572290644297 -0.6260009264011023 0.6559691741441622
vn 0.8856286412589033 -0.12916575275115622 0.44606963368754005
vn 0.42169572290644297 0.6260009264011023 -0.6559691741441622
vn -0.42169572290644297 -0.6260009264011023 0.6559691741441622
vn 0.8992192524878877 -0.3816870448442912 0.21382173826147005
vn 0.42169572290644297 0.6260009264011023 -0.6559691741441622
vn -0.42169572290644297 -0.6260009264011023 0.6559691741441622
vn 0.8072938070804502 -0.5886004804035233 -0.0427338685154339
vn 0.42169572290644297 0.6260009264011023 -0.6559691741441622
vn -0.42169572290644297 -0.6260009264011023 0.6559691741441622
vn 0.6200573433292234 -0.7269357107535412 -0.29511584744765845
vn 0.42169572290644297 0.6260009264011023 -0.6559691741441622
vn -0.42169572290644297 -0.6260009264011023 0.6559691741441622
vn 0.35717341931717833 -0.7796287265553834 -0.5143988698110701
vn 0.42169572290644297 0.6260009264011023 -0.6559691741441622
vn -0.42169572290644297 -0.6260009264011023 0.6559691741441622
vn 0.048231598727847255 -0.7379009089794788 -0.6731834530136753
vn 0.42169572290644297 0.6260009264011023 -0.6559691741441622
vn -0.42169572290644297 -0.6260009264011023 0.6559691741441622
vn -0.26864980417341244 -0.6046993158146642 -0.7497773137211237
vn 0.42169572290644297 0.6260009264011023 -0.6559691741441622
vn -0.42169572290644297 -0.6260009264011023 0.6559691741441622
vn -0.5522124235521322 -0.39650103444511436 -0.7333814621045688
vn 0.42169572290644297 0.6260009264011023 -0.6559691741441622
vn -0.42169572290644297 -0.6260009264011023 0.6559691741441622
vn -0.7661502947578467 -0.140930428601694 -0.6270186122728795
vn 0.42169572290644297 0.6260009264011023 -0.6559691741441622
vn -0.42169572290644297 -0.6260009264011023 0.6559691741441622
vn -0.8856286412589032 0.12916575275115572 -0.4460696336875405
vn 0.42169572290644297 0.6260009264011023 -0.6559691741441622
vn -0.42169572290644297 -0.6260009264011023 0.6559691741441622
vn -0.8992192524878877 0.38168704484429083 -0.21382173826147047
vn 0.42169572290644297 0.6260009264011023 -0.6559691741441622
vn -0.42169572290644297 -0.6260009264011023 0.6559691741441622
vn -0.8072938070804501 0.5886004804035234 0.042733868515434044
vn 0.42169572290644297 0.6260009264011023 -0.6559691741441622
vn -0.42169572290644297 -0.6260009264011023 0.6559691741441622
vn -0.6200573433292232 0.7269357107535414 0.29511584744765856
vn 0.42169572290644297 0.6260009264011023 -0.6559691741441622
vn -0.42169572290644297 -0.6260009264011023 0.6559691741441622
vn -0.357173419317179 0.7796287265553834 0.5143988698110696
vn 0.42169572290644297 0.6260009264011023 -0.6559691741441622
vn -0.42169572290644297 -0.6260009264011023 0.6559691741441622
vn -0.04823159872784727 0.7379009089794788 0.6731834530136753
vn 0.42169572290644297 0.6260009264011023 -0.6559691741441622
vn -0.42169572290644297 -0.6260009264011023 0.6559691741441622
vn 0.26864980417341244 0.6046993158146642 0.7497773137211237
vn 0.42169572290644297 0.6260009264011023 -0.6559691741441622
usemtl m_664d2008-a804-81ce-e447-b8f3e41a67fd
f 303/1333/379 301/1334/379 299/1335/379
f 301/1336/380 303/1337/380 304/1338/380 302/1339/380
f 302/1340/381 304/1341/381 300/1342/381
f 305/1343/382 303/1344/382 299/1345/382
f 303/1346/383 305/1347/383 306/1348/383 304/1349/383
f 304/1350/384 306/1351/384 300/1352/384
f 307/1353/385 305/1354/385 299/1355/385
f 305/1356/386 307/1357/386 308/1358/386 306/1359/386
f 306/1360/387 308/1361/387 300/1362/387
f 309/1363/388 307/1364/388 299/1365/388
f 307/1366/389 309/1367/389 310/1368/389 308/1369/389
f 308/1370/390 310/1371/390 300/1372/390
f 311/1373/391 309/1374/391 299/1375/391
f 309/1376/392 311/1377/392 312/1378/392 310/1379/392
f 310/1380/393 312/1381/393 300/1382/393
f 313/1383/394 311/1384/394 299/1385/394
f 311/1386/395 313/1387/395 314/1388/395 312/1389/395
f 312/1390/396 314/1391/396 300/1392/396
f 315/1393/397 313/1394/397 299/1395/397
f 313/1396/398 315/1397/398 316/1398/398 314/1399/398
f 314/1400/399 316/1401/399 300/1402/399
f 317/1403/400 315/1404/400 299/1405/400
f 315/1406/401 317/1407/401 318/1408/401 316/1409/401
f 316/1410/402 318/1411/402 300/1412/402
f 319/1413/403 317/1414/403 299/1415/403
f 317/1416/404 319/1417/404 320/1418/404 318/1419/404
f 318/1420/405 320/1421/405 300/1422/405
f 321/1423/406 319/1424/406 299/1425/406
f 319/1426/407 321/1427/407 322/1428/407 320/1429/407
f 320/1430/408 322/1431/408 300/1432/408
f 323/1433/409 321/1434/409 299/1435/409
f 321/1436/410 323/1437/410 324/1438/410 322/1439/410
f 322/1440/411 324/1441/411 300/1442/411
f 325/1443/412 323/1444/412 299/1445/412
f 323/1446/413 325/1447/413 326/1448/413 324/1449/413
f 324/1450/414 326/1451/414 300/1452/414
f 327/1453/415 325/1454/415 299/1455/415
f 325/1456/416 327/1457/416 328/1458/416 326/1459/416
f 326/1460/417 328/1461/417 300/1462/417
f 329/1463/418 327/1464/418 299/1465/418
f 327/1466/419 329/1467/419 330/1468/419 328/1469/419
f 328/1470/420 330/1471/420 300/1472/420
f 331/1473/421 329/1474/421 299/1475/421
f 329/1476/422 331/1477/422 332/1478/422 330/1479/422
f 330/1480/423 332/1481/423 300/1482/423
f 333/1483/424 331/1484/424 299/1485/424
f 331/1486/425 333/1487/425 334/1488/425 332/1489/425
f 332/1490/426 334/1491/426 300/1492/426
f 335/1493/427 333/1494/427 299/1495/427
f 333/1496/428 335/1497/428 336/1498/428 334/1499/428
f 334/1500/429 336/1501/429 300/1502/429
f 301/1503/430 335/1504/430 299/1505/430
f 335/1506/431 301/1507/431 302/1508/431 336/1509/431
f 336/1510/432 302/1511/432 300/1512/432
o cylinder
v -0.06429057699268548 -0.09249358935986704 0.024830687939034004
v 0.041193588679903255 0.049773586297500276 -0.036727345840754905
v 0.06731820911152714 -0.037083653145332414 0.3784101769110809
v 0.17280237478411586 0.10518352251203489 0.316852143131292
v 0.16231069265167833 -0.12650417889347573 0.33452633906387175
v 0.2677948583242671 0.01576299676389157 0.27296830528408284
v 0.229971718794155 -0.21182252560102285 0.25328863506998134
v 0.3354558844667438 -0.0695553499436555 0.1917306012901924
v 0.26214036921577927 -0.28274804149035077 0.14449553097189305
v 0.36762453488836805 -0.14048086583298341 0.08293749719210415
v 0.25493662991698635 -0.3307260625960741 0.02126908073905002
v 0.3604207955895751 -0.18845888693870683 -0.04028895304073889
v 0.20922937817307966 -0.3499697314926637 -0.10152778710175088
v 0.31471354384566835 -0.20770255583529637 -0.1630858208815398
v 0.13053158311156665 -0.3381579777048855 -0.20908395800015392
v 0.2360157487841554 -0.19589080204751813 -0.2706419917799428
v 0.028335360272622477 -0.2967154730624654 -0.2884265703857878
v 0.1338195259452112 -0.15444829740509808 -0.3499846041655767
v -0.08503291761376075 -0.230640795251508 -0.32998573423269817
v 0.020451248058827982 -0.08837361959414067 -0.3915437680124871
v -0.19589936309689812 -0.14790352557440165 -0.3287488010330129
v -0.0904151974243094 -0.005636349917034315 -0.3903068348128018
v -0.2908918466370493 -0.058482999826258285 -0.28486496318580373
v -0.1854076809644606 0.08378417583110903 -0.3464229969655926
v -0.35855287277952586 0.02683534688128867 -0.2036272591919134
v -0.2530687071069372 0.16910252253865599 -0.2651852929717023
v -0.39072152320115017 0.09776086277061655 -0.09483415509382526
v -0.2852373575285614 0.24002803842798387 -0.15639218887361417
v -0.3835177839023573 0.14573888387634004 0.028392295139017944
v -0.2780336182297685 0.28800605953370734 -0.033165738640770964
v -0.3378105321584505 0.16498255277292956 0.15118916297981894
v -0.2323263664858618 0.3072497284302969 0.08963112920003004
v -0.25911273709693766 0.15317079898515135 0.2587453338782218
v -0.15362857142434894 0.29543797464251864 0.19718730009843288
v -0.1569165142579936 0.11172829434273135 0.3380879462638556
v -0.05143234858540486 0.25399547000009864 0.2765299124840667
v -0.0435482363716101 0.04565361653177381 0.3796471101107662
v 0.061935929300978625 0.18792079218914112 0.31808907633097727
vt 0.2138546875 0.9830390625000001
vt 0.1673328125 1
vt 0.142578125 0.859375
vt 0.18100468749999998 0.375
vt 0.230521875 0.375
vt 0.230521875 0.40625
vt 0.18100468749999998 0.40625
vt 0.3860828125 0.484375
vt 0.43260468750000003 0.5013359374999999
vt 0.361328125 0.625
vt 0.2517796875 0.9511609375
vt 0.2138546875 0.9830390625000001
vt 0.142578125 0.859375
vt 0.230521875 0.375
vt 0.28006406249999993 0.375
vt 0.28006406249999993 0.40625
vt 0.230521875 0.40625
vt 0.43260468750000003 0.5013359374999999
vt 0.4705296875 0.5332140625
vt 0.361328125 0.625
vt 0.276534375 0.9082140625
vt 0.2517796875 0.9511609375
vt 0.142578125 0.859375
vt 0.28125 0.375
vt 0.3308203125 0.375
vt 0.3308203125 0.40625
vt 0.28125 0.40625
vt 0.4705296875 0.5332140625
vt 0.495284375 0.5761609375
vt 0.361328125 0.625
vt 0.28513125 0.859375
vt 0.276534375 0.9082140625
vt 0.142578125 0.859375
vt 0.3308203125 0.375
vt 0.3804109375 0.375
vt 0.3804109375 0.40625
vt 0.3308203125 0.40625
vt 0.495284375 0.5761609375
vt 0.5038812500000001 0.625
vt 0.361328125 0.625
vt 0.276534375 0.8105359375
vt 0.28513125 0.859375
vt 0.142578125 0.859375
vt 0.3804109375 0.375
vt 0.4300015625 0.375
vt 0.4300015625 0.40625
vt 0.3804109375 0.40625
vt 0.5038812500000001 0.625
vt 0.495284375 0.6738390625
vt 0.361328125 0.625
vt 0.2517796875 0.7675890625
vt 0.276534375 0.8105359375
vt 0.142578125 0.859375
vt 0.4300015625 0.375
vt 0.479571875 0.375
vt 0.479571875 0.40625
vt 0.4300015625 0.40625
vt 0.495284375 0.6738390625
vt 0.4705296875 0.7167859375
vt 0.361328125 0.625
vt 0.2138546875 0.7357109374999999
vt 0.2517796875 0.7675890625
vt 0.142578125 0.859375
vt 0.48556093750000007 0.375
vt 0.535103125 0.375
vt 0.535103125 0.40625
vt 0.48556093750000007 0.40625
vt 0.4705296875 0.7167859375
vt 0.43260468750000003 0.7486640625000001
vt 0.361328125 0.625
vt 0.16733281249999998 0.71875
vt 0.2138546875 0.7357109374999999
vt 0.142578125 0.859375
vt 0.535103125 0.375
vt 0.5846203125 0.375
vt 0.5846203125 0.40625
vt 0.535103125 0.40625
vt 0.43260468750000003 0.7486640625000001
vt 0.3860828125 0.765625
vt 0.361328125 0.625
vt 0.11782343749999999 0.71875
vt 0.16733281249999998 0.71875
vt 0.142578125 0.859375
vt 0.5846203125 0.375
vt 0.6341296875 0.375
vt 0.6341296875 0.40625
vt 0.5846203125 0.40625
vt 0.3860828125 0.765625
vt 0.3365734375 0.765625
vt 0.361328125 0.625
vt 0.0713015625 0.7357109374999999
vt 0.11782343749999999 0.71875
vt 0.142578125 0.859375
vt 0.6341296875 0.375
vt 0.683646875 0.375
vt 0.683646875 0.40625
vt 0.6341296875 0.40625
vt 0.3365734375 0.765625
vt 0.29005156249999997 0.7486640625000001
vt 0.361328125 0.625
vt 0.0333765625 0.7675890625
vt 0.0713015625 0.7357109374999999
vt 0.142578125 0.859375
vt 0.683646875 0.375
vt 0.7331890624999999 0.375
vt 0.7331890624999999 0.40625
vt 0.683646875 0.40625
vt 0.29005156249999997 0.7486640625000001
vt 0.2521265625 0.7167859375
vt 0.361328125 0.625
vt 0.008621875000000001 0.8105359375
vt 0.0333765625 0.7675890625
vt 0.142578125 0.859375
vt 0.734375 0.375
vt 0.7839453125 0.375
vt 0.7839453125 0.40625
vt 0.734375 0.40625
vt 0.2521265625 0.7167859375
vt 0.227371875 0.6738390625
vt 0.361328125 0.625
vt 0.000024999999999997247 0.859375
vt 0.008621875000000001 0.8105359375
vt 0.142578125 0.859375
vt 0.7839453125 0.375
vt 0.8335359375 0.375
vt 0.8335359375 0.40625
vt 0.7839453125 0.40625
vt 0.227371875 0.6738390625
vt 0.218775 0.625
vt 0.361328125 0.625
vt 0.008621875000000001 0.9082140625
vt 0.000024999999999997247 0.859375
vt 0.142578125 0.859375
vt 0.8335359375 0.375
vt 0.8831265625 0.375
vt 0.8831265625 0.40625
vt 0.8335359375 0.40625
vt 0.218775 0.625
vt 0.227371875 0.5761609375
vt 0.361328125 0.625
vt 0.0333765625 0.9511609375
vt 0.008621875000000001 0.9082140625
vt 0.142578125 0.859375
vt 0.8831265625 0.375
vt 0.932696875 0.375
vt 0.932696875 0.40625
vt 0.8831265625 0.40625
vt 0.227371875 0.5761609375
vt 0.2521265625 0.5332140625
vt 0.361328125 0.625
vt 0.0713015625 0.9830390625000001
vt 0.0333765625 0.9511609375
vt 0.142578125 0.859375
vt 0.03243593750000001 0.375
vt 0.08197812500000001 0.375
vt 0.08197812500000001 0.40625
vt 0.03243593750000001 0.40625
vt 0.2521265625 0.5332140625
vt 0.29005156249999997 0.5013359374999999
vt 0.361328125 0.625
vt 0.1178234375 1
vt 0.0713015625 0.9830390625000001
vt 0.142578125 0.859375
vt 0.08197812500000001 0.375
vt 0.13149531250000002 0.375
vt 0.13149531250000002 0.40625
vt 0.08197812500000001 0.40625
vt 0.29005156249999997 0.5013359374999999
vt 0.3365734375 0.484375
vt 0.361328125 0.625
vt 0.1673328125 1
vt 0.1178234375 1
vt 0.142578125 0.859375
vt 0.13149531250000002 0.375
vt 0.18100468749999998 0.375
vt 0.18100468749999998 0.40625
vt 0.13149531250000002 0.40625
vt 0.3365734375 0.484375
vt 0.3860828125 0.484375
vt 0.361328125 0.625
vn -0.5625822169204732 -0.7587582701726259 0.3283095134922077
vn 0.45520054055129866 0.047214198297515456 0.8891362591644367
vn 0.5625822169204732 0.7587582701726259 -0.3283095134922077
vn -0.5625822169204732 -0.7587582701726259 0.3283095134922077
vn 0.6598952894806532 -0.17289750207514476 0.7311939966229348
vn 0.5625822169204732 0.7587582701726259 -0.3283095134922077
vn -0.5625822169204732 -0.7587582701726259 0.3283095134922077
vn 0.7910080939229216 -0.37851688588725585 0.4806570112321685
vn 0.5625822169204732 0.7587582701726259 -0.3283095134922077
vn -0.5625822169204732 -0.7587582701726259 0.3283095134922077
vn 0.8249499393391557 -0.5413301668490689 0.1625399890595627
vn 0.5625822169204732 0.7587582701726259 -0.3283095134922077
vn -0.5625822169204732 -0.7587582701726259 0.3283095134922077
vn 0.7512545730340351 -0.6349577283583939 -0.18012564973761414
vn 0.5625822169204732 0.7587582701726259 -0.3283095134922077
vn -0.5625822169204732 -0.7587582701726259 0.3283095134922077
vn 0.5809711216605069 -0.6453620150411251 -0.4959641371496442
vn 0.5625822169204732 0.7587582701726259 -0.3283095134922077
vn -0.5625822169204732 -0.7587582701726259 0.3283095134922077
vn 0.34298052531750445 -0.5755273832002051 -0.7423830483245515
vn 0.5625822169204732 0.7587582701726259 -0.3283095134922077
vn -0.5625822169204732 -0.7587582701726259 0.3283095134922077
vn 0.07149267576722522 -0.4402741406970959 -0.895012557646582
vn 0.5625822169204732 0.7587582701726259 -0.3283095134922077
vn -0.5625822169204732 -0.7587582701726259 0.3283095134922077
vn -0.2031348356337171 -0.2580761894749006 -0.9445278815250389
vn 0.5625822169204732 0.7587582701726259 -0.3283095134922077
vn -0.5625822169204732 -0.7587582701726259 0.3283095134922077
vn -0.45520054055129877 -0.0472141982975153 -0.8891362591644367
vn 0.5625822169204732 0.7587582701726259 -0.3283095134922077
vn -0.5625822169204732 -0.7587582701726259 0.3283095134922077
vn -0.6598952894806531 0.1728975020751448 -0.7311939966229347
vn 0.5625822169204732 0.7587582701726259 -0.3283095134922077
vn -0.5625822169204732 -0.7587582701726259 0.3283095134922077
vn -0.7910080939229215 0.3785168858872557 -0.4806570112321686
vn 0.5625822169204732 0.7587582701726259 -0.3283095134922077
vn -0.5625822169204732 -0.7587582701726259 0.3283095134922077
vn -0.8249499393391557 0.5413301668490687 -0.16253998905956327
vn 0.5625822169204732 0.7587582701726259 -0.3283095134922077
vn -0.5625822169204732 -0.7587582701726259 0.3283095134922077
vn -0.751254573034035 0.6349577283583939 0.18012564973761439
vn 0.5625822169204732 0.7587582701726259 -0.3283095134922077
vn -0.5625822169204732 -0.7587582701726259 0.3283095134922077
vn -0.5809711216605071 0.6453620150411251 0.4959641371496442
vn 0.5625822169204732 0.7587582701726259 -0.3283095134922077
vn -0.5625822169204732 -0.7587582701726259 0.3283095134922077
vn -0.3429805253175045 0.5755273832002051 0.7423830483245514
vn 0.5625822169204732 0.7587582701726259 -0.3283095134922077
vn -0.5625822169204732 -0.7587582701726259 0.3283095134922077
vn -0.07149267576722552 0.44027414069709614 0.8950125576465819
vn 0.5625822169204732 0.7587582701726259 -0.3283095134922077
vn -0.5625822169204732 -0.7587582701726259 0.3283095134922077
vn 0.2031348356337171 0.2580761894749006 0.9445278815250389
vn 0.5625822169204732 0.7587582701726259 -0.3283095134922077
usemtl m_e058fce8-0043-d235-134a-03cef65e020c
f 341/1513/433 339/1514/433 337/1515/433
f 339/1516/434 341/1517/434 342/1518/434 340/1519/434
f 340/1520/435 342/1521/435 338/1522/435
f 343/1523/436 341/1524/436 337/1525/436
f 341/1526/437 343/1527/437 344/1528/437 342/1529/437
f 342/1530/438 344/1531/438 338/1532/438
f 345/1533/439 343/1534/439 337/1535/439
f 343/1536/440 345/1537/440 346/1538/440 344/1539/440
f 344/1540/441 346/1541/441 338/1542/441
f 347/1543/442 345/1544/442 337/1545/442
f 345/1546/443 347/1547/443 348/1548/443 346/1549/443
f 346/1550/444 348/1551/444 338/1552/444
f 349/1553/445 347/1554/445 337/1555/445
f 347/1556/446 349/1557/446 350/1558/446 348/1559/446
f 348/1560/447 350/1561/447 338/1562/447
f 351/1563/448 349/1564/448 337/1565/448
f 349/1566/449 351/1567/449 352/1568/449 350/1569/449
f 350/1570/450 352/1571/450 338/1572/450
f 353/1573/451 351/1574/451 337/1575/451
f 351/1576/452 353/1577/452 354/1578/452 352/1579/452
f 352/1580/453 354/1581/453 338/1582/453
f 355/1583/454 353/1584/454 337/1585/454
f 353/1586/455 355/1587/455 356/1588/455 354/1589/455
f 354/1590/456 356/1591/456 338/1592/456
f 357/1593/457 355/1594/457 337/1595/457
f 355/1596/458 357/1597/458 358/1598/458 356/1599/458
f 356/1600/459 358/1601/459 338/1602/459
f 359/1603/460 357/1604/460 337/1605/460
f 357/1606/461 359/1607/461 360/1608/461 358/1609/461
f 358/1610/462 360/1611/462 338/1612/462
f 361/1613/463 359/1614/463 337/1615/463
f 359/1616/464 361/1617/464 362/1618/464 360/1619/464
f 360/1620/465 362/1621/465 338/1622/465
f 363/1623/466 361/1624/466 337/1625/466
f 361/1626/467 363/1627/467 364/1628/467 362/1629/467
f 362/1630/468 364/1631/468 338/1632/468
f 365/1633/469 363/1634/469 337/1635/469
f 363/1636/470 365/1637/470 366/1638/470 364/1639/470
f 364/1640/471 366/1641/471 338/1642/471
f 367/1643/472 365/1644/472 337/1645/472
f 365/1646/473 367/1647/473 368/1648/473 366/1649/473
f 366/1650/474 368/1651/474 338/1652/474
f 369/1653/475 367/1654/475 337/1655/475
f 367/1656/476 369/1657/476 370/1658/476 368/1659/476
f 368/1660/477 370/1661/477 338/1662/477
f 371/1663/478 369/1664/478 337/1665/478
f 369/1666/479 371/1667/479 372/1668/479 370/1669/479
f 370/1670/480 372/1671/480 338/1672/480
f 373/1673/481 371/1674/481 337/1675/481
f 371/1676/482 373/1677/482 374/1678/482 372/1679/482
f 372/1680/483 374/1681/483 338/1682/483
f 339/1683/484 373/1684/484 337/1685/484
f 373/1686/485 339/1687/485 340/1688/485 374/1689/485
f 374/1690/486 340/1691/486 338/1692/486
o cylinder
v -0.015566320089795 -0.06471157695101329 -0.021281775945045853
v 0.03810105305995264 0.01774964402784069 0.05582179137762969
v 0.3432339791682623 -0.01051998718164893 -0.32897926685884216
v 0.39690135231800994 0.07194123379720505 -0.2518756995361666
v 0.24126063803211037 0.10526651838686299 -0.381833569370154
v 0.294928011181858 0.18772773936571693 -0.30473000204747847
v 0.10831017538423961 0.20055115704811438 -0.3912000044166483
v 0.16197754853398727 0.28301237802696844 -0.3140964370939728
v -0.03958162084016166 0.2638411951280615 -0.3559488416978587
v 0.014085752309585964 0.3463024161069155 -0.27884527437518314
v -0.1845768173659773 0.287502919972781 -0.2803318916894247
v -0.1309094442162297 0.369964140951635 -0.20322832436674915
v -0.3091868535909992 0.26868237835613307 -0.1734696745496895
v -0.25551948044125156 0.35114359933498707 -0.09636610722701396
v -0.398381920098219 0.20964960535869714 -0.04825135078406237
v -0.34471454694847137 0.29211082633755114 0.02885221653861317
v -0.44140377548788273 0.11752482463490468 0.08021990173568361
v -0.38773640233813506 0.19998604561375863 0.15732346905835914
v -0.4330633490650339 0.0034196443570055322 0.19644855392191288
v -0.37939597591528623 0.08588086533585951 0.27355212124458844
v -0.37436661934785226 -0.11890316672037766 0.2864157149687505
v -0.32069924619810464 -0.03644194574152369 0.36351928229142605
v -0.27239327821170034 -0.23468967228888962 0.3392700174800624
v -0.21872590506195272 -0.15222845131003562 0.41637358480273795
v -0.13944281556382976 -0.32997431095014085 0.3486364525265566
v -0.08577544241408212 -0.24751308997128685 0.42574001984923215
v 0.008448980660571388 -0.3932643490300879 0.3133852898077671
v 0.062116353810319005 -0.3108031280512339 0.3904888571304427
v 0.1534441771863873 -0.4169260738748076 0.23776833979933298
v 0.20711155033613493 -0.3344648528959536 0.3148719071220086
v 0.2780542134114093 -0.3981055322581596 0.1309061226595977
v 0.3317215865611569 -0.3156443112793056 0.20800968998227323
v 0.36724927991862893 -0.3390727592607238 0.005687798893970728
v 0.4209166530683766 -0.2566115382818698 0.08279136621664626
v 0.4102711353082927 -0.24694797853693143 -0.12278345362577509
v 0.4639385084580403 -0.16448675755807743 -0.04567988630309955
v 0.4019307088854438 -0.132842798259032 -0.23901210581200463
v 0.4555980820351915 -0.05038157728017803 -0.1619085384893291
vt 0.2138546875 0.9830390625000001
vt 0.1673328125 1
vt 0.142578125 0.859375
vt 0.6185046875 0.375
vt 0.668021875 0.375
vt 0.668021875 0.40625
vt 0.6185046875 0.40625
vt 0.3860828125 0.484375
vt 0.43260468750000003 0.5013359374999999
vt 0.361328125 0.625
vt 0.2517796875 0.9511609375
vt 0.2138546875 0.9830390625000001
vt 0.142578125 0.859375
vt 0.668021875 0.375
vt 0.7175640624999999 0.375
vt 0.7175640624999999 0.40625
vt 0.668021875 0.40625
vt 0.43260468750000003 0.5013359374999999
vt 0.4705296875 0.5332140625
vt 0.361328125 0.625
vt 0.276534375 0.9082140625
vt 0.2517796875 0.9511609375
vt 0.142578125 0.859375
vt 0.71875 0.375
vt 0.7683203125 0.375
vt 0.7683203125 0.40625
vt 0.71875 0.40625
vt 0.4705296875 0.5332140625
vt 0.495284375 0.5761609375
vt 0.361328125 0.625
vt 0.28513125 0.859375
vt 0.276534375 0.9082140625
vt 0.142578125 0.859375
vt 0.7683203125 0.375
vt 0.8179109375 0.375
vt 0.8179109375 0.40625
vt 0.7683203125 0.40625
vt 0.495284375 0.5761609375
vt 0.5038812500000001 0.625
vt 0.361328125 0.625
vt 0.276534375 0.8105359375
vt 0.28513125 0.859375
vt 0.142578125 0.859375
vt 0.8179109375 0.375
vt 0.8675015625 0.375
vt 0.8675015625 0.40625
vt 0.8179109375 0.40625
vt 0.5038812500000001 0.625
vt 0.495284375 0.6738390625
vt 0.361328125 0.625
vt 0.2517796875 0.7675890625
vt 0.276534375 0.8105359375
vt 0.142578125 0.859375
vt 0.8675015625 0.375
vt 0.917071875 0.375
vt 0.917071875 0.40625
vt 0.8675015625 0.40625
vt 0.495284375 0.6738390625
vt 0.4705296875 0.7167859375
vt 0.361328125 0.625
vt 0.2138546875 0.7357109374999999
vt 0.2517796875 0.7675890625
vt 0.142578125 0.859375
vt 0.016810937500000067 0.375
vt 0.06635312500000001 0.375
vt 0.06635312500000001 0.40625
vt 0.016810937500000067 0.40625
vt 0.4705296875 0.7167859375
vt 0.43260468750000003 0.7486640625000001
vt 0.361328125 0.625
vt 0.16733281249999998 0.71875
vt 0.2138546875 0.7357109374999999
vt 0.142578125 0.859375
vt 0.06635312500000001 0.375
vt 0.11587031250000002 0.375
vt 0.11587031250000002 0.40625
vt 0.06635312500000001 0.40625
vt 0.43260468750000003 0.7486640625000001
vt 0.3860828125 0.765625
vt 0.361328125 0.625
vt 0.11782343749999999 0.71875
vt 0.16733281249999998 0.71875
vt 0.142578125 0.859375
vt 0.11587031250000002 0.375
vt 0.16537968749999998 0.375
vt 0.16537968749999998 0.40625
vt 0.11587031250000002 0.40625
vt 0.3860828125 0.765625
vt 0.3365734375 0.765625
vt 0.361328125 0.625
vt 0.0713015625 0.7357109374999999
vt 0.11782343749999999 0.71875
vt 0.142578125 0.859375
vt 0.16537968749999998 0.375
vt 0.214896875 0.375
vt 0.214896875 0.40625
vt 0.16537968749999998 0.40625
vt 0.3365734375 0.765625
vt 0.29005156249999997 0.7486640625000001
vt 0.361328125 0.625
vt 0.0333765625 0.7675890625
vt 0.0713015625 0.7357109374999999
vt 0.142578125 0.859375
vt 0.214896875 0.375
vt 0.26443906249999993 0.375
vt 0.26443906249999993 0.40625
vt 0.214896875 0.40625
vt 0.29005156249999997 0.7486640625000001
vt 0.2521265625 0.7167859375
vt 0.361328125 0.625
vt 0.008621875000000001 0.8105359375
vt 0.0333765625 0.7675890625
vt 0.142578125 0.859375
vt 0.265625 0.375
vt 0.3151953125 0.375
vt 0.3151953125 0.40625
vt 0.265625 0.40625
vt 0.2521265625 0.7167859375
vt 0.227371875 0.6738390625
vt 0.361328125 0.625
vt 0.000024999999999997247 0.859375
vt 0.008621875000000001 0.8105359375
vt 0.142578125 0.859375
vt 0.3151953125 0.375
vt 0.3647859375 0.375
vt 0.3647859375 0.40625
vt 0.3151953125 0.40625
vt 0.227371875 0.6738390625
vt 0.218775 0.625
vt 0.361328125 0.625
vt 0.008621875000000001 0.9082140625
vt 0.000024999999999997247 0.859375
vt 0.142578125 0.859375
vt 0.3647859375 0.375
vt 0.4143765625 0.375
vt 0.4143765625 0.40625
vt 0.3647859375 0.40625
vt 0.218775 0.625
vt 0.227371875 0.5761609375
vt 0.361328125 0.625
vt 0.0333765625 0.9511609375
vt 0.008621875000000001 0.9082140625
vt 0.142578125 0.859375
vt 0.4143765625 0.375
vt 0.463946875 0.375
vt 0.463946875 0.40625
vt 0.4143765625 0.40625
vt 0.227371875 0.5761609375
vt 0.2521265625 0.5332140625
vt 0.361328125 0.625
vt 0.0713015625 0.9830390625000001
vt 0.0333765625 0.9511609375
vt 0.142578125 0.859375
vt 0.46993593750000007 0.375
vt 0.519478125 0.375
vt 0.519478125 0.40625
vt 0.46993593750000007 0.40625
vt 0.2521265625 0.5332140625
vt 0.29005156249999997 0.5013359374999999
vt 0.361328125 0.625
vt 0.1178234375 1
vt 0.0713015625 0.9830390625000001
vt 0.142578125 0.859375
vt 0.519478125 0.375
vt 0.5689953125 0.375
vt 0.5689953125 0.40625
vt 0.519478125 0.40625
vt 0.29005156249999997 0.5013359374999999
vt 0.3365734375 0.484375
vt 0.361328125 0.625
vt 0.1673328125 1
vt 0.1178234375 1
vt 0.142578125 0.859375
vt 0.5689953125 0.375
vt 0.6185046875 0.375
vt 0.6185046875 0.40625
vt 0.5689953125 0.40625
vt 0.3365734375 0.484375
vt 0.3860828125 0.484375
vt 0.361328125 0.625
vn -0.4293389851979812 -0.6596897678308319 -0.6168285385814043
vn 0.6517091878501277 0.24653518194540341 -0.7172834436503286
vn 0.4293389851979812 0.6596897678308319 0.6168285385814043
vn -0.4293389851979812 -0.6596897678308319 -0.6168285385814043
vn 0.3964491399119903 0.4759977177934568 -0.7850186317014801
vn 0.4293389851979812 0.6596897678308319 0.6168285385814043
vn -0.4293389851979812 -0.6596897678308319 -0.6168285385814043
vn 0.09584679872971405 0.6458410232187024 -0.7574316892638473
vn 0.4293389851979812 0.6596897678308319 0.6168285385814043
vn -0.4293389851979812 -0.6596897678308319 -0.6168285385814043
vn -0.21357021924933509 0.7377683540479298 -0.6403792760663006
vn 0.4293389851979812 0.6596897678308319 0.6168285385814043
vn -0.4293389851979812 -0.6596897678308319 -0.6168285385814043
vn -0.49690900576021146 0.7428561446932485 -0.4486047127325814
vn 0.4293389851979812 0.6596897678308319 0.6168285385814043
vn -0.4293389851979812 -0.6596897678308319 -0.6168285385814043
vn -0.7227149058560106 0.6605395776753379 -0.20339771674732243
vn 0.4293389851979812 0.6596897678308319 0.6168285385814043
vn -0.4293389851979812 -0.6596897678308319 -0.6168285385814043
vn -0.8641268745393178 0.49863332985708075 0.06818758724687471
vn 0.4293389851979812 0.6596897678308319 0.6168285385814043
vn -0.4293389851979812 -0.6596897678308319 -0.6168285385814043
vn -0.9016943849859783 0.27442897038010633 0.3341197035507985
vn 0.4293389851979812 0.6596897678308319 0.6168285385814043
vn -0.4293389851979812 -0.6596897678308319 -0.6168285385814043
vn -0.8280504834488489 0.014868940307897954 0.5604563421661386
vn 0.4293389851979812 0.6596897678308319 0.6168285385814043
vn -0.4293389851979812 -0.6596897678308319 -0.6168285385814043
vn -0.6517091878501277 -0.2465351819454033 0.7172834436503285
vn 0.4293389851979812 0.6596897678308319 0.6168285385814043
vn -0.4293389851979812 -0.6596897678308319 -0.6168285385814043
vn -0.39644913991198977 -0.47599771779345723 0.7850186317014801
vn 0.4293389851979812 0.6596897678308319 0.6168285385814043
vn -0.4293389851979812 -0.6596897678308319 -0.6168285385814043
vn -0.09584679872971462 -0.6458410232187024 0.7574316892638474
vn 0.4293389851979812 0.6596897678308319 0.6168285385814043
vn -0.4293389851979812 -0.6596897678308319 -0.6168285385814043
vn 0.21357021924933445 -0.7377683540479298 0.6403792760663011
vn 0.4293389851979812 0.6596897678308319 0.6168285385814043
vn -0.4293389851979812 -0.6596897678308319 -0.6168285385814043
vn 0.49690900576021163 -0.7428561446932483 0.4486047127325813
vn 0.4293389851979812 0.6596897678308319 0.6168285385814043
vn -0.4293389851979812 -0.6596897678308319 -0.6168285385814043
vn 0.7227149058560105 -0.6605395776753379 0.20339771674732243
vn 0.4293389851979812 0.6596897678308319 0.6168285385814043
vn -0.4293389851979812 -0.6596897678308319 -0.6168285385814043
vn 0.8641268745393177 -0.4986333298570808 -0.06818758724687453
vn 0.4293389851979812 0.6596897678308319 0.6168285385814043
vn -0.4293389851979812 -0.6596897678308319 -0.6168285385814043
vn 0.9016943849859782 -0.2744289703801064 -0.3341197035507983
vn 0.4293389851979812 0.6596897678308319 0.6168285385814043
vn -0.4293389851979812 -0.6596897678308319 -0.6168285385814043
vn 0.8280504834488489 -0.014868940307897954 -0.5604563421661386
vn 0.4293389851979812 0.6596897678308319 0.6168285385814043
usemtl m_ad4e6950-c92a-085a-4b7a-01773908b222
f 379/1693/487 377/1694/487 375/1695/487
f 377/1696/488 379/1697/488 380/1698/488 378/1699/488
f 378/1700/489 380/1701/489 376/1702/489
f 381/1703/490 379/1704/490 375/1705/490
f 379/1706/491 381/1707/491 382/1708/491 380/1709/491
f 380/1710/492 382/1711/492 376/1712/492
f 383/1713/493 381/1714/493 375/1715/493
f 381/1716/494 383/1717/494 384/1718/494 382/1719/494
f 382/1720/495 384/1721/495 376/1722/495
f 385/1723/496 383/1724/496 375/1725/496
f 383/1726/497 385/1727/497 386/1728/497 384/1729/497
f 384/1730/498 386/1731/498 376/1732/498
f 387/1733/499 385/1734/499 375/1735/499
f 385/1736/500 387/1737/500 388/1738/500 386/1739/500
f 386/1740/501 388/1741/501 376/1742/501
f 389/1743/502 387/1744/502 375/1745/502
f 387/1746/503 389/1747/503 390/1748/503 388/1749/503
f 388/1750/504 390/1751/504 376/1752/504
f 391/1753/505 389/1754/505 375/1755/505
f 389/1756/506 391/1757/506 392/1758/506 390/1759/506
f 390/1760/507 392/1761/507 376/1762/507
f 393/1763/508 391/1764/508 375/1765/508
f 391/1766/509 393/1767/509 394/1768/509 392/1769/509
f 392/1770/510 394/1771/510 376/1772/510
f 395/1773/511 393/1774/511 375/1775/511
f 393/1776/512 395/1777/512 396/1778/512 394/1779/512
f 394/1780/513 396/1781/513 376/1782/513
f 397/1783/514 395/1784/514 375/1785/514
f 395/1786/515 397/1787/515 398/1788/515 396/1789/515
f 396/1790/516 398/1791/516 376/1792/516
f 399/1793/517 397/1794/517 375/1795/517
f 397/1796/518 399/1797/518 400/1798/518 398/1799/518
f 398/1800/519 400/1801/519 376/1802/519
f 401/1803/520 399/1804/520 375/1805/520
f 399/1806/521 401/1807/521 402/1808/521 400/1809/521
f 400/1810/522 402/1811/522 376/1812/522
f 403/1813/523 401/1814/523 375/1815/523
f 401/1816/524 403/1817/524 404/1818/524 402/1819/524
f 402/1820/525 404/1821/525 376/1822/525
f 405/1823/526 403/1824/526 375/1825/526
f 403/1826/527 405/1827/527 406/1828/527 404/1829/527
f 404/1830/528 406/1831/528 376/1832/528
f 407/1833/529 405/1834/529 375/1835/529
f 405/1836/530 407/1837/530 408/1838/530 406/1839/530
f 406/1840/531 408/1841/531 376/1842/531
f 409/1843/532 407/1844/532 375/1845/532
f 407/1846/533 409/1847/533 410/1848/533 408/1849/533
f 408/1850/534 410/1851/534 376/1852/534
f 411/1853/535 409/1854/535 375/1855/535
f 409/1856/536 411/1857/536 412/1858/536 410/1859/536
f 410/1860/537 412/1861/537 376/1862/537
f 377/1863/538 411/1864/538 375/1865/538
f 411/1866/539 377/1867/539 378/1868/539 412/1869/539
f 412/1870/540 378/1871/540 376/1872/540
o cylinder
v -0.03575025434298089 -0.07467432186618936 -0.06377110616562406
v -0.022315643346824236 0.053304902064818756 0.07260000319922208
v 0.3062502382222678 0.11507053662435046 -0.27553181887909367
v 0.31968484921842444 0.24304976055535857 -0.1391607095142475
v 0.18712913008644355 0.19789020111277342 -0.3415197739535331
v 0.20056374108260022 0.32586942504378147 -0.2051486645886869
v 0.041125478839041926 0.24783456150599578 -0.3740071405589841
v 0.0545600898351986 0.3758137854370039 -0.23763603119413787
v -0.11415052039509872 0.25887959084033885 -0.3690754628203624
v -0.10071590939894205 0.386858814771347 -0.2327043534555162
v -0.259970290478658 0.22969309557080886 -0.32731957385675764
v -0.24653567948250132 0.35767231950181694 -0.19094846449191147
v -0.378745815068954 0.16379539777370514 -0.25377585012846887
v -0.3653112040727973 0.29177462170471324 -0.11740474076362269
v -0.45615101296034755 0.06913473234979906 -0.15731475010689275
v -0.4427164019641908 0.1971139562808072 -0.020943640742046597
v -0.48284967490808245 -0.042871427408154035 -0.049570906068848515
v -0.4694150639119258 0.08510779652285405 0.08680020329599762
v -0.4556215482509769 -0.15871348559847986 0.05646018426489107
v -0.4421869372548202 -0.030734261667471764 0.19283129362973722
v -0.37775074690822963 -0.26441918035672923 0.1479896065478456
v -0.36431613591207296 -0.1364399564257211 0.2843607159126917
v -0.2586296387724053 -0.3472388448451522 0.213977561622285
v -0.24519502777624863 -0.21925962091414405 0.35034867098713113
v -0.11262598752500384 -0.39718320523837447 0.24646492822773594
v -0.09919137652884717 -0.2692039813073664 0.38283603759258206
v 0.04265001170913661 -0.4082282345727176 0.2415332504891143
v 0.05608462270529328 -0.2802490106417095 0.3779043598539604
v 0.1884697817926961 -0.3790417393031876 0.19977736152550954
v 0.20190439278885278 -0.25106251537217944 0.33614847089035566
v 0.3072453063829922 -0.3131440415060838 0.12623363779722066
v 0.3206799173791489 -0.1851648175750757 0.26260474716206683
v 0.38465050427438563 -0.21848337608217785 0.02977253777564471
v 0.39808511527054236 -0.09050415215116972 0.16614364714049087
v 0.41134916622212053 -0.10647721632422488 -0.07797130626239938
v 0.4247837772182772 0.02150200760678323 0.058399803102446766
v 0.384121039565015 0.009364841866101252 -0.18400239659613923
v 0.39755565056117165 0.13734406579710937 -0.0476312872312931
vt 0.2138546875 0.9830390625000001
vt 0.1673328125 1
vt 0.142578125 0.859375
vt 0.18100468749999998 0.375
vt 0.230521875 0.375
vt 0.230521875 0.40625
vt 0.18100468749999998 0.40625
vt 0.3860828125 0.484375
vt 0.43260468750000003 0.5013359374999999
vt 0.361328125 0.625
vt 0.2517796875 0.9511609375
vt 0.2138546875 0.9830390625000001
vt 0.142578125 0.859375
vt 0.230521875 0.375
vt 0.28006406249999993 0.375
vt 0.28006406249999993 0.40625
vt 0.230521875 0.40625
vt 0.43260468750000003 0.5013359374999999
vt 0.4705296875 0.5332140625
vt 0.361328125 0.625
vt 0.276534375 0.9082140625
vt 0.2517796875 0.9511609375
vt 0.142578125 0.859375
vt 0.28125 0.375
vt 0.3308203125 0.375
vt 0.3308203125 0.40625
vt 0.28125 0.40625
vt 0.4705296875 0.5332140625
vt 0.495284375 0.5761609375
vt 0.361328125 0.625
vt 0.28513125 0.859375
vt 0.276534375 0.9082140625
vt 0.142578125 0.859375
vt 0.3308203125 0.375
vt 0.3804109375 0.375
vt 0.3804109375 0.40625
vt 0.3308203125 0.40625
vt 0.495284375 0.5761609375
vt 0.5038812500000001 0.625
vt 0.361328125 0.625
vt 0.276534375 0.8105359375
vt 0.28513125 0.859375
vt 0.142578125 0.859375
vt 0.3804109375 0.375
vt 0.4300015625 0.375
vt 0.4300015625 0.40625
vt 0.3804109375 0.40625
vt 0.5038812500000001 0.625
vt 0.495284375 0.6738390625
vt 0.361328125 0.625
vt 0.2517796875 0.7675890625
vt 0.276534375 0.8105359375
vt 0.142578125 0.859375
vt 0.4300015625 0.375
vt 0.479571875 0.375
vt 0.479571875 0.40625
vt 0.4300015625 0.40625
vt 0.495284375 0.6738390625
vt 0.4705296875 0.7167859375
vt 0.361328125 0.625
vt 0.2138546875 0.7357109374999999
vt 0.2517796875 0.7675890625
vt 0.142578125 0.859375
vt 0.48556093750000007 0.375
vt 0.535103125 0.375
vt 0.535103125 0.40625
vt 0.48556093750000007 0.40625
vt 0.4705296875 0.7167859375
vt 0.43260468750000003 0.7486640625000001
vt 0.361328125 0.625
vt 0.16733281249999998 0.71875
vt 0.2138546875 0.7357109374999999
vt 0.142578125 0.859375
vt 0.535103125 0.375
vt 0.5846203125 0.375
vt 0.5846203125 0.40625
vt 0.535103125 0.40625
vt 0.43260468750000003 0.7486640625000001
vt 0.3860828125 0.765625
vt 0.361328125 0.625
vt 0.11782343749999999 0.71875
vt 0.16733281249999998 0.71875
vt 0.142578125 0.859375
vt 0.5846203125 0.375
vt 0.6341296875 0.375
vt 0.6341296875 0.40625
vt 0.5846203125 0.40625
vt 0.3860828125 0.765625
vt 0.3365734375 0.765625
vt 0.361328125 0.625
vt 0.0713015625 0.7357109374999999
vt 0.11782343749999999 0.71875
vt 0.142578125 0.859375
vt 0.6341296875 0.375
vt 0.683646875 0.375
vt 0.683646875 0.40625
vt 0.6341296875 0.40625
vt 0.3365734375 0.765625
vt 0.29005156249999997 0.7486640625000001
vt 0.361328125 0.625
vt 0.0333765625 0.7675890625
vt 0.0713015625 0.7357109374999999
vt 0.142578125 0.859375
vt 0.683646875 0.375
vt 0.7331890624999999 0.375
vt 0.7331890624999999 0.40625
vt 0.683646875 0.40625
vt 0.29005156249999997 0.7486640625000001
vt 0.2521265625 0.7167859375
vt 0.361328125 0.625
vt 0.008621875000000001 0.8105359375
vt 0.0333765625 0.7675890625
vt 0.142578125 0.859375
vt 0.734375 0.375
vt 0.7839453125 0.375
vt 0.7839453125 0.40625
vt 0.734375 0.40625
vt 0.2521265625 0.7167859375
vt 0.227371875 0.6738390625
vt 0.361328125 0.625
vt 0.000024999999999997247 0.859375
vt 0.008621875000000001 0.8105359375
vt 0.142578125 0.859375
vt 0.7839453125 0.375
vt 0.8335359375 0.375
vt 0.8335359375 0.40625
vt 0.7839453125 0.40625
vt 0.227371875 0.6738390625
vt 0.218775 0.625
vt 0.361328125 0.625
vt 0.008621875000000001 0.9082140625
vt 0.000024999999999997247 0.859375
vt 0.142578125 0.859375
vt 0.8335359375 0.375
vt 0.8831265625 0.375
vt 0.8831265625 0.40625
vt 0.8335359375 0.40625
vt 0.218775 0.625
vt 0.227371875 0.5761609375
vt 0.361328125 0.625
vt 0.0333765625 0.9511609375
vt 0.008621875000000001 0.9082140625
vt 0.142578125 0.859375
vt 0.8831265625 0.375
vt 0.932696875 0.375
vt 0.932696875 0.40625
vt 0.8831265625 0.40625
vt 0.227371875 0.5761609375
vt 0.2521265625 0.5332140625
vt 0.361328125 0.625
vt 0.0713015625 0.9830390625000001
vt 0.0333765625 0.9511609375
vt 0.142578125 0.859375
vt 0.03243593750000001 0.375
vt 0.08197812500000001 0.375
vt 0.08197812500000001 0.40625
vt 0.03243593750000001 0.40625
vt 0.2521265625 0.5332140625
vt 0.29005156249999997 0.5013359374999999
vt 0.361328125 0.625
vt 0.1178234375 1
vt 0.0713015625 0.9830390625000001
vt 0.142578125 0.859375
vt 0.08197812500000001 0.375
vt 0.13149531250000002 0.375
vt 0.13149531250000002 0.40625
vt 0.08197812500000001 0.40625
vt 0.29005156249999997 0.5013359374999999
vt 0.3365734375 0.484375
vt 0.361328125 0.625
vt 0.1673328125 1
vt 0.1178234375 1
vt 0.142578125 0.859375
vt 0.13149531250000002 0.375
vt 0.18100468749999998 0.375
vt 0.18100468749999998 0.40625
vt 0.13149531250000002 0.40625
vt 0.3365734375 0.484375
vt 0.3860828125 0.484375
vt 0.361328125 0.625
vn -0.07165125864616899 -0.6825558609653766 -0.7273125832791796
vn 0.6605184424934597 0.5139162162753583 -0.5473623203831565
vn 0.07165125864616899 0.6825558609653766 0.7273125832791796
vn -0.07165125864616899 -0.6825558609653766 -0.7273125832791796
vn 0.37097257509827336 0.6586395148638053 -0.654655129045001
vn 0.07165125864616899 0.6825558609653766 0.7273125832791796
vn -0.07165125864616899 -0.6825558609653766 -0.7273125832791796
vn 0.02996565193352381 0.7273845697681569 -0.685575486264928
vn 0.07165125864616899 0.6825558609653766 0.7273125832791796
vn -0.07165125864616899 -0.6825558609653766 -0.7273125832791796
vn -0.32194402265534794 0.7059841660906493 -0.6308235914309037
vn 0.07165125864616899 0.6825558609653766 0.7273125832791796
vn -0.07165125864616899 -0.6825558609653766 -0.7273125832791796
vn -0.635271485073527 0.5933877234125159 -0.49428852905543674
vn 0.07165125864616899 0.6825558609653766 0.7273125832791796
vn -0.07165125864616899 -0.6825558609653766 -0.7273125832791796
vn -0.8647901810225601 0.4058477243259106 -0.29567814844260554
vn 0.07165125864616899 0.6825558609653766 0.7273125832791796
vn -0.07165125864616899 -0.6825558609653766 -0.7273125832791796
vn -0.9829551263035494 0.17209600653332593 -0.0646698090986413
vn 0.07165125864616899 0.6825558609653766 0.7273125832791796
vn -0.07165125864616899 -0.6825558609653766 -0.7273125832791796
vn -0.9826912592459979 -0.07658282763904047 0.1686800507242161
vn 0.07165125864616899 0.6825558609653766 0.7273125832791796
vn -0.07165125864616899 -0.6825558609653766 -0.7273125832791796
vn -0.8707106131122796 -0.3128960253975204 0.3794194321645539
vn 0.07165125864616899 0.6825558609653766 0.7273125832791796
vn -0.07165125864616899 -0.6825558609653766 -0.7273125832791796
vn -0.6605184424934596 -0.5139162162753584 0.5473623203831566
vn 0.07165125864616899 0.6825558609653766 0.7273125832791796
vn -0.07165125864616899 -0.6825558609653766 -0.7273125832791796
vn -0.3709725750982733 -0.6586395148638056 0.6546551290450012
vn 0.07165125864616899 0.6825558609653766 0.7273125832791796
vn -0.07165125864616899 -0.6825558609653766 -0.7273125832791796
vn -0.0299656519335242 -0.7273845697681569 0.685575486264928
vn 0.07165125864616899 0.6825558609653766 0.7273125832791796
vn -0.07165125864616899 -0.6825558609653766 -0.7273125832791796
vn 0.32194402265534755 -0.7059841660906493 0.6308235914309037
vn 0.07165125864616899 0.6825558609653766 0.7273125832791796
vn -0.07165125864616899 -0.6825558609653766 -0.7273125832791796
vn 0.6352714850735272 -0.5933877234125157 0.49428852905543663
vn 0.07165125864616899 0.6825558609653766 0.7273125832791796
vn -0.07165125864616899 -0.6825558609653766 -0.7273125832791796
vn 0.8647901810225601 -0.40584772432591065 0.2956781484426056
vn 0.07165125864616899 0.6825558609653766 0.7273125832791796
vn -0.07165125864616899 -0.6825558609653766 -0.7273125832791796
vn 0.9829551263035495 -0.17209600653332582 0.0646698090986412
vn 0.07165125864616899 0.6825558609653766 0.7273125832791796
vn -0.07165125864616899 -0.6825558609653766 -0.7273125832791796
vn 0.982691259245998 0.07658282763904 -0.16868005072421566
vn 0.07165125864616899 0.6825558609653766 0.7273125832791796
vn -0.07165125864616899 -0.6825558609653766 -0.7273125832791796
vn 0.8707106131122796 0.3128960253975204 -0.3794194321645539
vn 0.07165125864616899 0.6825558609653766 0.7273125832791796
usemtl m_c1f1f44c-f1af-95c8-1023-778975c87efe
f 417/1873/541 415/1874/541 413/1875/541
f 415/1876/542 417/1877/542 418/1878/542 416/1879/542
f 416/1880/543 418/1881/543 414/1882/543
f 419/1883/544 417/1884/544 413/1885/544
f 417/1886/545 419/1887/545 420/1888/545 418/1889/545
f 418/1890/546 420/1891/546 414/1892/546
f 421/1893/547 419/1894/547 413/1895/547
f 419/1896/548 421/1897/548 422/1898/548 420/1899/548
f 420/1900/549 422/1901/549 414/1902/549
f 423/1903/550 421/1904/550 413/1905/550
f 421/1906/551 423/1907/551 424/1908/551 422/1909/551
f 422/1910/552 424/1911/552 414/1912/552
f 425/1913/553 423/1914/553 413/1915/553
f 423/1916/554 425/1917/554 426/1918/554 424/1919/554
f 424/1920/555 426/1921/555 414/1922/555
f 427/1923/556 425/1924/556 413/1925/556
f 425/1926/557 427/1927/557 428/1928/557 426/1929/557
f 426/1930/558 428/1931/558 414/1932/558
f 429/1933/559 427/1934/559 413/1935/559
f 427/1936/560 429/1937/560 430/1938/560 428/1939/560
f 428/1940/561 430/1941/561 414/1942/561
f 431/1943/562 429/1944/562 413/1945/562
f 429/1946/563 431/1947/563 432/1948/563 430/1949/563
f 430/1950/564 432/1951/564 414/1952/564
f 433/1953/565 431/1954/565 413/1955/565
f 431/1956/566 433/1957/566 434/1958/566 432/1959/566
f 432/1960/567 434/1961/567 414/1962/567
f 435/1963/568 433/1964/568 413/1965/568
f 433/1966/569 435/1967/569 436/1968/569 434/1969/569
f 434/1970/570 436/1971/570 414/1972/570
f 437/1973/571 435/1974/571 413/1975/571
f 435/1976/572 437/1977/572 438/1978/572 436/1979/572
f 436/1980/573 438/1981/573 414/1982/573
f 439/1983/574 437/1984/574 413/1985/574
f 437/1986/575 439/1987/575 440/1988/575 438/1989/575
f 438/1990/576 440/1991/576 414/1992/576
f 441/1993/577 439/1994/577 413/1995/577
f 439/1996/578 441/1997/578 442/1998/578 440/1999/578
f 440/2000/579 442/2001/579 414/2002/579
f 443/2003/580 441/2004/580 413/2005/580
f 441/2006/581 443/2007/581 444/2008/581 442/2009/581
f 442/2010/582 444/2011/582 414/2012/582
f 445/2013/583 443/2014/583 413/2015/583
f 443/2016/584 445/2017/584 446/2018/584 444/2019/584
f 444/2020/585 446/2021/585 414/2022/585
f 447/2023/586 445/2024/586 413/2025/586
f 445/2026/587 447/2027/587 448/2028/587 446/2029/587
f 446/2030/588 448/2031/588 414/2032/588
f 449/2033/589 447/2034/589 413/2035/589
f 447/2036/590 449/2037/590 450/2038/590 448/2039/590
f 448/2040/591 450/2041/591 414/2042/591
f 415/2043/592 449/2044/592 413/2045/592
f 449/2046/593 415/2047/593 416/2048/593 450/2049/593
f 450/2050/594 416/2051/594 414/2052/594