# Made in Blockbench 5.1.4
mtllib fire_ball.mtl

o cylinder
v -0.03125 -0.05271196536330536 -0.03358122552167649
v -0.03125 0.05271196536330536 0.03358122552167649
v 0.061000625 -0.33815238229755556 0.41447048006641907
v 0.061000625 -0.23272845157094485 0.481632931109772
v 0.234375 -0.30372390245596714 0.36042859181699755
v 0.234375 -0.19829997172935643 0.4275910428603505
v 0.37571125 -0.2390199329330561 0.2588637040746344
v 0.37571125 -0.13359600220644538 0.3260261551179873
v 0.467961875 -0.1518444147278048 0.12202555047010819
v 0.467961875 -0.046420484001194084 0.18918800151346118
v 0.5 -0.05271196536330536 -0.03358122552167649
v 0.5 0.05271196536330536 0.03358122552167649
v 0.467961875 0.046420484001194084 -0.18918800151346118
v 0.467961875 0.1518444147278048 -0.12202555047010819
v 0.37571125 0.13359600220644538 -0.3260261551179873
v 0.37571125 0.2390199329330561 -0.2588637040746344
v 0.234375 0.19829997172935643 -0.4275910428603505
v 0.234375 0.30372390245596714 -0.36042859181699755
v 0.061000625 0.23272845157094485 -0.481632931109772
v 0.061000625 0.33815238229755556 -0.41447048006641907
v -0.123500625 0.23272845157094485 -0.481632931109772
v -0.123500625 0.33815238229755556 -0.41447048006641907
v -0.296875 0.19829997172935643 -0.4275910428603505
v -0.296875 0.30372390245596714 -0.36042859181699755
v -0.43821125 0.13359600220644538 -0.3260261551179873
v -0.43821125 0.2390199329330561 -0.2588637040746344
v -0.5304618750000001 0.046420484001194084 -0.18918800151346118
v -0.5304618750000001 0.1518444147278048 -0.12202555047010819
v -0.5625 -0.05271196536330536 -0.03358122552167649
v -0.5625 0.05271196536330536 0.03358122552167649
v -0.5304618750000001 -0.1518444147278048 0.12202555047010819
v -0.5304618750000001 -0.046420484001194084 0.18918800151346118
v -0.43821125 -0.2390199329330561 0.2588637040746344
v -0.43821125 -0.13359600220644538 0.3260261551179873
v -0.296875 -0.30372390245596714 0.36042859181699755
v -0.296875 -0.19829997172935643 0.4275910428603505
v -0.123500625 -0.33815238229755556 0.41447048006641907
v -0.123500625 -0.23272845157094485 0.481632931109772
vt 0.2138546875 0.9830390625
vt 0.1673328125 1
vt 0.142578125 0.859375
vt 0.6185046875 0.375
vt 0.668021875 0.375
vt 0.668021875 0.40625
vt 0.6185046875 0.40625
vt 0.3860828125 0.484375
vt 0.4326046875 0.5013359374999999
vt 0.361328125 0.625
vt 0.2517796875 0.9511609375
vt 0.2138546875 0.9830390625
vt 0.142578125 0.859375
vt 0.668021875 0.375
vt 0.7175640625 0.375
vt 0.7175640625 0.40625
vt 0.668021875 0.40625
vt 0.4326046875 0.5013359374999999
vt 0.4705296875 0.5332140624999999
vt 0.361328125 0.625
vt 0.276534375 0.9082140625
vt 0.2517796875 0.9511609375
vt 0.142578125 0.859375
vt 0.71875 0.375
vt 0.7683203125 0.375
vt 0.7683203125 0.40625
vt 0.71875 0.40625
vt 0.4705296875 0.5332140624999999
vt 0.495284375 0.5761609375000001
vt 0.361328125 0.625
vt 0.28513125 0.859375
vt 0.276534375 0.9082140625
vt 0.142578125 0.859375
vt 0.7683203125 0.375
vt 0.8179109375 0.375
vt 0.8179109375 0.40625
vt 0.7683203125 0.40625
vt 0.495284375 0.5761609375000001
vt 0.50388125 0.625
vt 0.361328125 0.625
vt 0.276534375 0.8105359375
vt 0.28513125 0.859375
vt 0.142578125 0.859375
vt 0.8179109375 0.375
vt 0.8675015625 0.375
vt 0.8675015625 0.40625
vt 0.8179109375 0.40625
vt 0.50388125 0.625
vt 0.495284375 0.6738390624999999
vt 0.361328125 0.625
vt 0.2517796875 0.7675890625
vt 0.276534375 0.8105359375
vt 0.142578125 0.859375
vt 0.8675015625 0.375
vt 0.917071875 0.375
vt 0.917071875 0.40625
vt 0.8675015625 0.40625
vt 0.495284375 0.6738390624999999
vt 0.4705296875 0.7167859375000001
vt 0.361328125 0.625
vt 0.2138546875 0.7357109374999999
vt 0.2517796875 0.7675890625
vt 0.142578125 0.859375
vt 0.0168109375 0.375
vt 0.066353125 0.375
vt 0.066353125 0.40625
vt 0.0168109375 0.40625
vt 0.4705296875 0.7167859375000001
vt 0.4326046875 0.7486640625000001
vt 0.361328125 0.625
vt 0.1673328125 0.71875
vt 0.2138546875 0.7357109374999999
vt 0.142578125 0.859375
vt 0.066353125 0.375
vt 0.1158703125 0.375
vt 0.1158703125 0.40625
vt 0.066353125 0.40625
vt 0.4326046875 0.7486640625000001
vt 0.3860828125 0.765625
vt 0.361328125 0.625
vt 0.1178234375 0.71875
vt 0.1673328125 0.71875
vt 0.142578125 0.859375
vt 0.1158703125 0.375
vt 0.1653796875 0.375
vt 0.1653796875 0.40625
vt 0.1158703125 0.40625
vt 0.3860828125 0.765625
vt 0.3365734375 0.765625
vt 0.361328125 0.625
vt 0.0713015625 0.7357109374999999
vt 0.1178234375 0.71875
vt 0.142578125 0.859375
vt 0.1653796875 0.375
vt 0.214896875 0.375
vt 0.214896875 0.40625
vt 0.1653796875 0.40625
vt 0.3365734375 0.765625
vt 0.2900515625 0.7486640625000001
vt 0.361328125 0.625
vt 0.0333765625 0.7675890625
vt 0.0713015625 0.7357109374999999
vt 0.142578125 0.859375
vt 0.214896875 0.375
vt 0.2644390625 0.375
vt 0.2644390625 0.40625
vt 0.214896875 0.40625
vt 0.2900515625 0.7486640625000001
vt 0.2521265625 0.7167859375000001
vt 0.361328125 0.625
vt 0.008621875 0.8105359375
vt 0.0333765625 0.7675890625
vt 0.142578125 0.859375
vt 0.265625 0.375
vt 0.3151953125 0.375
vt 0.3151953125 0.40625
vt 0.265625 0.40625
vt 0.2521265625 0.7167859375000001
vt 0.227371875 0.6738390624999999
vt 0.361328125 0.625
vt 0.000025 0.859375
vt 0.008621875 0.8105359375
vt 0.142578125 0.859375
vt 0.3151953125 0.375
vt 0.3647859375 0.375
vt 0.3647859375 0.40625
vt 0.3151953125 0.40625
vt 0.227371875 0.6738390624999999
vt 0.218775 0.625
vt 0.361328125 0.625
vt 0.008621875 0.9082140625
vt 0.000025 0.859375
vt 0.142578125 0.859375
vt 0.3647859375 0.375
vt 0.4143765625 0.375
vt 0.4143765625 0.40625
vt 0.3647859375 0.40625
vt 0.218775 0.625
vt 0.227371875 0.5761609375000001
vt 0.361328125 0.625
vt 0.0333765625 0.9511609375
vt 0.008621875 0.9082140625
vt 0.142578125 0.859375
vt 0.4143765625 0.375
vt 0.463946875 0.375
vt 0.463946875 0.40625
vt 0.4143765625 0.40625
vt 0.227371875 0.5761609375000001
vt 0.2521265625 0.5332140624999999
vt 0.361328125 0.625
vt 0.0713015625 0.9830390625
vt 0.0333765625 0.9511609375
vt 0.142578125 0.859375
vt 0.4699359375 0.375
vt 0.519478125 0.375
vt 0.519478125 0.40625
vt 0.4699359375 0.40625
vt 0.2521265625 0.5332140624999999
vt 0.2900515625 0.5013359374999999
vt 0.361328125 0.625
vt 0.1178234375 1
vt 0.0713015625 0.9830390625
vt 0.142578125 0.859375
vt 0.519478125 0.375
vt 0.5689953125 0.375
vt 0.5689953125 0.40625
vt 0.519478125 0.40625
vt 0.2900515625 0.5013359374999999
vt 0.3365734375 0.484375
vt 0.361328125 0.625
vt 0.1673328125 1
vt 0.1178234375 1
vt 0.142578125 0.859375
vt 0.5689953125 0.375
vt 0.6185046875 0.375
vt 0.6185046875 0.40625
vt 0.5689953125 0.40625
vt 0.3365734375 0.484375
vt 0.3860828125 0.484375
vt 0.361328125 0.625
vn 0 -0.8433914458128857 -0.5372996083468239
vn 0.3466679263798619 -0.503980545129987 0.7910909928383509
vn 0 0.8433914458128857 0.5372996083468239
vn 0 -0.8433914458128857 -0.5372996083468239
vn 0.6485501806494688 -0.4089773644004681 0.6419658702669389
vn 0 0.8433914458128857 0.5372996083468239
vn 0 -0.8433914458128857 -0.5372996083468239
vn 0.8693079777460241 -0.2655715160050638 0.41686377836637534
vn 0 0.8433914458128857 0.5372996083468239
vn 0 -0.8433914458128857 -0.5372996083468239
vn 0.9852559371010163 -0.09192494172334709 0.14429325520050373
vn 0 0.8433914458128857 0.5372996083468239
vn 0 -0.8433914458128857 -0.5372996083468239
vn 0.9852559371010163 0.09192494172334709 -0.14429325520050373
vn 0 0.8433914458128857 0.5372996083468239
vn 0 -0.8433914458128857 -0.5372996083468239
vn 0.8693079777460241 0.2655715160050638 -0.41686377836637534
vn 0 0.8433914458128857 0.5372996083468239
vn 0 -0.8433914458128857 -0.5372996083468239
vn 0.6485501806494688 0.4089773644004681 -0.6419658702669389
vn 0 0.8433914458128857 0.5372996083468239
vn 0 -0.8433914458128857 -0.5372996083468239
vn 0.3466679263798619 0.503980545129987 -0.7910909928383509
vn 0 0.8433914458128857 0.5372996083468239
vn 0 -0.8433914458128857 -0.5372996083468239
vn 0 0.5372996083468239 -0.8433914458128857
vn 0 0.8433914458128857 0.5372996083468239
vn 0 -0.8433914458128857 -0.5372996083468239
vn -0.3466679263798619 0.503980545129987 -0.7910909928383509
vn 0 0.8433914458128857 0.5372996083468239
vn 0 -0.8433914458128857 -0.5372996083468239
vn -0.6485501806494688 0.4089773644004681 -0.6419658702669389
vn 0 0.8433914458128857 0.5372996083468239
vn 0 -0.8433914458128857 -0.5372996083468239
vn -0.8693079777460241 0.2655715160050638 -0.41686377836637534
vn 0 0.8433914458128857 0.5372996083468239
vn 0 -0.8433914458128857 -0.5372996083468239
vn -0.9852559371010163 0.09192494172334709 -0.14429325520050373
vn 0 0.8433914458128857 0.5372996083468239
vn 0 -0.8433914458128857 -0.5372996083468239
vn -0.9852559371010163 -0.09192494172334709 0.14429325520050373
vn 0 0.8433914458128857 0.5372996083468239
vn 0 -0.8433914458128857 -0.5372996083468239
vn -0.8693079777460241 -0.2655715160050638 0.41686377836637534
vn 0 0.8433914458128857 0.5372996083468239
vn 0 -0.8433914458128857 -0.5372996083468239
vn -0.6485501806494688 -0.4089773644004681 0.6419658702669389
vn 0 0.8433914458128857 0.5372996083468239
vn 0 -0.8433914458128857 -0.5372996083468239
vn -0.3466679263798619 -0.503980545129987 0.7910909928383509
vn 0 0.8433914458128857 0.5372996083468239
vn 0 -0.8433914458128857 -0.5372996083468239
vn 0 -0.5372996083468239 0.8433914458128857
vn 0 0.8433914458128857 0.5372996083468239
usemtl m_ad4e6950-c92a-085a-4b7a-01773908b222
f 5/1/1 3/2/1 1/3/1
f 3/4/2 5/5/2 6/6/2 4/7/2
f 4/8/3 6/9/3 2/10/3
f 7/11/4 5/12/4 1/13/4
f 5/14/5 7/15/5 8/16/5 6/17/5
f 6/18/6 8/19/6 2/20/6
f 9/21/7 7/22/7 1/23/7
f 7/24/8 9/25/8 10/26/8 8/27/8
f 8/28/9 10/29/9 2/30/9
f 11/31/10 9/32/10 1/33/10
f 9/34/11 11/35/11 12/36/11 10/37/11
f 10/38/12 12/39/12 2/40/12
f 13/41/13 11/42/13 1/43/13
f 11/44/14 13/45/14 14/46/14 12/47/14
f 12/48/15 14/49/15 2/50/15
f 15/51/16 13/52/16 1/53/16
f 13/54/17 15/55/17 16/56/17 14/57/17
f 14/58/18 16/59/18 2/60/18
f 17/61/19 15/62/19 1/63/19
f 15/64/20 17/65/20 18/66/20 16/67/20
f 16/68/21 18/69/21 2/70/21
f 19/71/22 17/72/22 1/73/22
f 17/74/23 19/75/23 20/76/23 18/77/23
f 18/78/24 20/79/24 2/80/24
f 21/81/25 19/82/25 1/83/25
f 19/84/26 21/85/26 22/86/26 20/87/26
f 20/88/27 22/89/27 2/90/27
f 23/91/28 21/92/28 1/93/28
f 21/94/29 23/95/29 24/96/29 22/97/29
f 22/98/30 24/99/30 2/100/30
f 25/101/31 23/102/31 1/103/31
f 23/104/32 25/105/32 26/106/32 24/107/32
f 24/108/33 26/109/33 2/110/33
f 27/111/34 25/112/34 1/113/34
f 25/114/35 27/115/35 28/116/35 26/117/35
f 26/118/36 28/119/36 2/120/36
f 29/121/37 27/122/37 1/123/37
f 27/124/38 29/125/38 30/126/38 28/127/38
f 28/128/39 30/129/39 2/130/39
f 31/131/40 29/132/40 1/133/40
f 29/134/41 31/135/41 32/136/41 30/137/41
f 30/138/42 32/139/42 2/140/42
f 33/141/43 31/142/43 1/143/43
f 31/144/44 33/145/44 34/146/44 32/147/44
f 32/148/45 34/149/45 2/150/45
f 35/151/46 33/152/46 1/153/46
f 33/154/47 35/155/47 36/156/47 34/157/47
f 34/158/48 36/159/48 2/160/48
f 37/161/49 35/162/49 1/163/49
f 35/164/50 37/165/50 38/166/50 36/167/50
f 36/168/51 38/169/51 2/170/51
f 3/171/52 37/172/52 1/173/52
f 37/174/53 3/175/53 4/176/53 38/177/53
f 38/178/54 4/179/54 2/180/54
o cylinder
v -0.007977161783661065 -0.09156223137454593 -0.0497374329097204
v 0.007977161783661065 0.09156223137454593 -0.012762567090279599
v 0.14721088936121957 -0.2002924763536938 0.42180578782237116
v 0.1631652129285417 -0.017168013604601948 0.458780653641812
v 0.3080189081356659 -0.1974820405339838 0.3384993945452606
v 0.3239732317029881 -0.01435757778489194 0.37547426036470144
v 0.4307131130753608 -0.18189616696600946 0.20836619020719635
v 0.446667436642683 0.001228295783082381 0.24534105602663714
v 0.5004942986135964 -0.1554146046123711 0.047101683640147635
v 0.5164486221809186 0.027709858136720757 0.08407654945958842
v 0.5089468838819329 -0.12123156622348419 -0.12584298238446126
v 0.524901207449255 0.06189289652560767 -0.08886811656502047
v 0.45505060421227816 -0.08346995692692244 -0.28960816708097215
v 0.47100492777960035 0.09965450582216942 -0.25263330126153133
v 0.3453068648086593 -0.04668439506602161 -0.4244416279814972
v 0.3612611883759815 0.13644006768307027 -0.38746676216205644
v 0.19295143130254935 -0.015311792496844723 -0.5140799007289956
v 0.20890575486987153 0.16781267025224714 -0.4771050349095548
v 0.016360946693199846 0.006863943231742706 -0.5477118810874422
v 0.03231527026052197 0.18998840598083455 -0.5107370152680014
v -0.1631652129285417 0.017168013604601948 -0.521280653641812
v -0.14721088936121957 0.2002924763536938 -0.48430578782237116
v -0.3239732317029881 0.01435757778489194 -0.43797426036470144
v -0.3080189081356659 0.1974820405339838 -0.4009993945452606
v -0.446667436642683 -0.001228295783082381 -0.30784105602663714
v -0.4307131130753608 0.18189616696600946 -0.2708661902071964
v -0.5164486221809186 -0.027709858136720757 -0.14657654945958842
v -0.5004942986135964 0.1554146046123711 -0.10960168364014763
v -0.524901207449255 -0.06189289652560767 0.026368116565020465
v -0.5089468838819329 0.12123156622348419 0.06334298238446126
v -0.47100492777960035 -0.09965450582216942 0.19013330126153133
v -0.45505060421227816 0.08346995692692244 0.22710816708097215
v -0.3612611883759815 -0.13644006768307027 0.32496676216205644
v -0.3453068648086593 0.04668439506602161 0.3619416279814972
v -0.20890575486987153 -0.16781267025224714 0.4146050349095548
v -0.19295143130254935 0.015311792496844723 0.4515799007289956
v -0.03231527026052197 -0.18998840598083455 0.4482370152680014
v -0.016360946693199846 -0.006863943231742706 0.4852118810874422
vt 0.2138546875 0.9830390625
vt 0.1673328125 1
vt 0.142578125 0.859375
vt 0.1810046875 0.375
vt 0.230521875 0.375
vt 0.230521875 0.40625
vt 0.1810046875 0.40625
vt 0.3860828125 0.484375
vt 0.4326046875 0.5013359374999999
vt 0.361328125 0.625
vt 0.2517796875 0.9511609375
vt 0.2138546875 0.9830390625
vt 0.142578125 0.859375
vt 0.230521875 0.375
vt 0.2800640625 0.375
vt 0.2800640625 0.40625
vt 0.230521875 0.40625
vt 0.4326046875 0.5013359374999999
vt 0.4705296875 0.5332140624999999
vt 0.361328125 0.625
vt 0.276534375 0.9082140625
vt 0.2517796875 0.9511609375
vt 0.142578125 0.859375
vt 0.28125 0.375
vt 0.3308203125 0.375
vt 0.3308203125 0.40625
vt 0.28125 0.40625
vt 0.4705296875 0.5332140624999999
vt 0.495284375 0.5761609375000001
vt 0.361328125 0.625
vt 0.28513125 0.859375
vt 0.276534375 0.9082140625
vt 0.142578125 0.859375
vt 0.3308203125 0.375
vt 0.3804109375 0.375
vt 0.3804109375 0.40625
vt 0.3308203125 0.40625
vt 0.495284375 0.5761609375000001
vt 0.50388125 0.625
vt 0.361328125 0.625
vt 0.276534375 0.8105359375
vt 0.28513125 0.859375
vt 0.142578125 0.859375
vt 0.3804109375 0.375
vt 0.4300015625 0.375
vt 0.4300015625 0.40625
vt 0.3804109375 0.40625
vt 0.50388125 0.625
vt 0.495284375 0.6738390624999999
vt 0.361328125 0.625
vt 0.2517796875 0.7675890625
vt 0.276534375 0.8105359375
vt 0.142578125 0.859375
vt 0.4300015625 0.375
vt 0.479571875 0.375
vt 0.479571875 0.40625
vt 0.4300015625 0.40625
vt 0.495284375 0.6738390624999999
vt 0.4705296875 0.7167859375000001
vt 0.361328125 0.625
vt 0.2138546875 0.7357109374999999
vt 0.2517796875 0.7675890625
vt 0.142578125 0.859375
vt 0.4855609375 0.375
vt 0.535103125 0.375
vt 0.535103125 0.40625
vt 0.4855609375 0.40625
vt 0.4705296875 0.7167859375000001
vt 0.4326046875 0.7486640625000001
vt 0.361328125 0.625
vt 0.1673328125 0.71875
vt 0.2138546875 0.7357109374999999
vt 0.142578125 0.859375
vt 0.535103125 0.375
vt 0.5846203125 0.375
vt 0.5846203125 0.40625
vt 0.535103125 0.40625
vt 0.4326046875 0.7486640625000001
vt 0.3860828125 0.765625
vt 0.361328125 0.625
vt 0.1178234375 0.71875
vt 0.1673328125 0.71875
vt 0.142578125 0.859375
vt 0.5846203125 0.375
vt 0.6341296875 0.375
vt 0.6341296875 0.40625
vt 0.5846203125 0.40625
vt 0.3860828125 0.765625
vt 0.3365734375 0.765625
vt 0.361328125 0.625
vt 0.0713015625 0.7357109374999999
vt 0.1178234375 0.71875
vt 0.142578125 0.859375
vt 0.6341296875 0.375
vt 0.683646875 0.375
vt 0.683646875 0.40625
vt 0.6341296875 0.40625
vt 0.3365734375 0.765625
vt 0.2900515625 0.7486640625000001
vt 0.361328125 0.625
vt 0.0333765625 0.7675890625
vt 0.0713015625 0.7357109374999999
vt 0.142578125 0.859375
vt 0.683646875 0.375
vt 0.7331890625 0.375
vt 0.7331890625 0.40625
vt 0.683646875 0.40625
vt 0.2900515625 0.7486640625000001
vt 0.2521265625 0.7167859375000001
vt 0.361328125 0.625
vt 0.008621875 0.8105359375
vt 0.0333765625 0.7675890625
vt 0.142578125 0.859375
vt 0.734375 0.375
vt 0.7839453125 0.375
vt 0.7839453125 0.40625
vt 0.734375 0.40625
vt 0.2521265625 0.7167859375000001
vt 0.227371875 0.6738390624999999
vt 0.361328125 0.625
vt 0.000025 0.859375
vt 0.008621875 0.8105359375
vt 0.142578125 0.859375
vt 0.7839453125 0.375
vt 0.8335359375 0.375
vt 0.8335359375 0.40625
vt 0.7839453125 0.40625
vt 0.227371875 0.6738390624999999
vt 0.218775 0.625
vt 0.361328125 0.625
vt 0.008621875 0.9082140625
vt 0.000025 0.859375
vt 0.142578125 0.859375
vt 0.8335359375 0.375
vt 0.8831265625 0.375
vt 0.8831265625 0.40625
vt 0.8335359375 0.40625
vt 0.218775 0.625
vt 0.227371875 0.5761609375000001
vt 0.361328125 0.625
vt 0.0333765625 0.9511609375
vt 0.008621875 0.9082140625
vt 0.142578125 0.859375
vt 0.8831265625 0.375
vt 0.932696875 0.375
vt 0.932696875 0.40625
vt 0.8831265625 0.40625
vt 0.227371875 0.5761609375000001
vt 0.2521265625 0.5332140624999999
vt 0.361328125 0.625
vt 0.0713015625 0.9830390625
vt 0.0333765625 0.9511609375
vt 0.142578125 0.859375
vt 0.0324359375 0.375
vt 0.081978125 0.375
vt 0.081978125 0.40625
vt 0.0324359375 0.40625
vt 0.2521265625 0.5332140624999999
vt 0.2900515625 0.5013359374999999
vt 0.361328125 0.625
vt 0.1178234375 1
vt 0.0713015625 0.9830390625
vt 0.142578125 0.859375
vt 0.081978125 0.375
vt 0.1314953125 0.375
vt 0.1314953125 0.40625
vt 0.081978125 0.40625
vt 0.2900515625 0.5013359374999999
vt 0.3365734375 0.484375
vt 0.361328125 0.625
vt 0.1673328125 1
vt 0.1178234375 1
vt 0.142578125 0.859375
vt 0.1314953125 0.375
vt 0.1810046875 0.375
vt 0.1810046875 0.40625
vt 0.1314953125 0.40625
vt 0.3365734375 0.484375
vt 0.3860828125 0.484375
vt 0.361328125 0.625
vn -0.08508972569238468 -0.9766638013284901 -0.19719928437035092
vn 0.4522597497230748 -0.214212655211766 0.8657794506267442
vn 0.08508972569238468 0.9766638013284901 0.19719928437035092
vn -0.08508972569238468 -0.9766638013284901 -0.19719928437035092
vn 0.7250547004960889 -0.1964461635014853 0.6600792271644933
vn 0.08508972569238468 0.9766638013284901 0.19719928437035092
vn -0.08508972569238468 -0.9766638013284901 -0.19719928437035092
vn 0.9157247252671004 -0.15465903194126723 0.37084877156798546
vn 0.08508972569238468 0.9766638013284901 0.19719928437035092
vn -0.08508972569238468 -0.9766638013284901 -0.19719928437035092
vn 0.9952216359984272 -0.09282326610130245 0.030294166284964952
vn 0.08508972569238468 0.9766638013284901 0.19719928437035092
vn -0.08508972569238468 -0.9766638013284901 -0.19719928437035092
vn 0.9484233217658415 -0.018734038231690443 -0.3164525849826169
vn 0.08508972569238468 0.9766638013284901 0.19719928437035092
vn -0.08508972569238468 -0.9766638013284901 -0.19719928437035092
vn 0.7818899447611023 0.05722286407122029 -0.6207847115618803
vn 0.08508972569238468 0.9766638013284901 0.19719928437035092
vn -0.08508972569238468 -0.9766638013284901 -0.19719928437035092
vn 0.5220993935464492 0.12486459801882713 -0.8436948828931149
vn 0.08508972569238468 0.9766638013284901 0.19719928437035092
vn -0.08508972569238468 -0.9766638013284901 -0.19719928437035092
vn 0.20549189358659362 0.1764603898326883 -0.9626187264386101
vn 0.08508972569238468 0.9766638013284901 0.19719928437035092
vn -0.08508972569238468 -0.9766638013284901 -0.19719928437035092
vn -0.13084994266801972 0.20715641958543654 -0.9695176689098134
vn 0.08508972569238468 0.9766638013284901 0.19719928437035092
vn -0.08508972569238468 -0.9766638013284901 -0.19719928437035092
vn -0.4522597497230748 0.214212655211766 -0.8657794506267442
vn 0.08508972569238468 0.9766638013284901 0.19719928437035092
vn -0.08508972569238468 -0.9766638013284901 -0.19719928437035092
vn -0.7250547004960889 0.1964461635014853 -0.6600792271644933
vn 0.08508972569238468 0.9766638013284901 0.19719928437035092
vn -0.08508972569238468 -0.9766638013284901 -0.19719928437035092
vn -0.9157247252671004 0.15465903194126723 -0.37084877156798546
vn 0.08508972569238468 0.9766638013284901 0.19719928437035092
vn -0.08508972569238468 -0.9766638013284901 -0.19719928437035092
vn -0.9952216359984272 0.09282326610130245 -0.030294166284964952
vn 0.08508972569238468 0.9766638013284901 0.19719928437035092
vn -0.08508972569238468 -0.9766638013284901 -0.19719928437035092
vn -0.9484233217658415 0.018734038231690443 0.3164525849826169
vn 0.08508972569238468 0.9766638013284901 0.19719928437035092
vn -0.08508972569238468 -0.9766638013284901 -0.19719928437035092
vn -0.7818899447611023 -0.05722286407122029 0.6207847115618803
vn 0.08508972569238468 0.9766638013284901 0.19719928437035092
vn -0.08508972569238468 -0.9766638013284901 -0.19719928437035092
vn -0.5220993935464492 -0.12486459801882713 0.8436948828931149
vn 0.08508972569238468 0.9766638013284901 0.19719928437035092
vn -0.08508972569238468 -0.9766638013284901 -0.19719928437035092
vn -0.20549189358659362 -0.1764603898326883 0.9626187264386101
vn 0.08508972569238468 0.9766638013284901 0.19719928437035092
vn -0.08508972569238468 -0.9766638013284901 -0.19719928437035092
vn 0.13084994266801972 -0.20715641958543654 0.9695176689098134
vn 0.08508972569238468 0.9766638013284901 0.19719928437035092
usemtl m_c1f1f44c-f1af-95c8-1023-778975c87efe
f 43/181/55 41/182/55 39/183/55
f 41/184/56 43/185/56 44/186/56 42/187/56
f 42/188/57 44/189/57 40/190/57
f 45/191/58 43/192/58 39/193/58
f 43/194/59 45/195/59 46/196/59 44/197/59
f 44/198/60 46/199/60 40/200/60
f 47/201/61 45/202/61 39/203/61
f 45/204/62 47/205/62 48/206/62 46/207/62
f 46/208/63 48/209/63 40/210/63
f 49/211/64 47/212/64 39/213/64
f 47/214/65 49/215/65 50/216/65 48/217/65
f 48/218/66 50/219/66 40/220/66
f 51/221/67 49/222/67 39/223/67
f 49/224/68 51/225/68 52/226/68 50/227/68
f 50/228/69 52/229/69 40/230/69
f 53/231/70 51/232/70 39/233/70
f 51/234/71 53/235/71 54/236/71 52/237/71
f 52/238/72 54/239/72 40/240/72
f 55/241/73 53/242/73 39/243/73
f 53/244/74 55/245/74 56/246/74 54/247/74
f 54/248/75 56/249/75 40/250/75
f 57/251/76 55/252/76 39/253/76
f 55/254/77 57/255/77 58/256/77 56/257/77
f 56/258/78 58/259/78 40/260/78
f 59/261/79 57/262/79 39/263/79
f 57/264/80 59/265/80 60/266/80 58/267/80
f 58/268/81 60/269/81 40/270/81
f 61/271/82 59/272/82 39/273/82
f 59/274/83 61/275/83 62/276/83 60/277/83
f 60/278/84 62/279/84 40/280/84
f 63/281/85 61/282/85 39/283/85
f 61/284/86 63/285/86 64/286/86 62/287/86
f 62/288/87 64/289/87 40/290/87
f 65/291/88 63/292/88 39/293/88
f 63/294/89 65/295/89 66/296/89 64/297/89
f 64/298/90 66/299/90 40/300/90
f 67/301/91 65/302/91 39/303/91
f 65/304/92 67/305/92 68/306/92 66/307/92
f 66/308/93 68/309/93 40/310/93
f 69/311/94 67/312/94 39/313/94
f 67/314/95 69/315/95 70/316/95 68/317/95
f 68/318/96 70/319/96 40/320/96
f 71/321/97 69/322/97 39/323/97
f 69/324/98 71/325/98 72/326/98 70/327/98
f 70/328/99 72/329/99 40/330/99
f 73/331/100 71/332/100 39/333/100
f 71/334/101 73/335/101 74/336/101 72/337/101
f 72/338/102 74/339/102 40/340/102
f 75/341/103 73/342/103 39/343/103
f 73/344/104 75/345/104 76/346/104 74/347/104
f 74/348/105 76/349/105 40/350/105
f 41/351/106 75/352/106 39/353/106
f 75/354/107 41/355/107 42/356/107 76/357/107
f 76/358/108 42/359/108 40/360/108
o sphere
v 0 -0.3125 0
v 0 0.3125 0
v 0.01884625 0.29365375 0.105891875
v 0.03541875 0.23938875 0.199011875
v 0.04772 0.15625 0.268128125
v 0.054265 0.054265 0.30490375
v 0.054265 -0.054265 0.30490375
v 0.04772 -0.15625 0.268128125
v 0.03541875 -0.23938875 0.199011875
v 0.01884625 -0.29365375 0.105891875
v 0.054265 0.29365375 0.09312
v 0.101985 0.23938875 0.175008125
v 0.13740375 0.15625 0.2357875
v 0.15625 0.054265 0.268128125
v 0.15625 -0.054265 0.268128125
v 0.13740375 -0.15625 0.2357875
v 0.101985 -0.23938875 0.175008125
v 0.054265 -0.29365375 0.09312
v 0.08313875 0.29365375 0.06911625
v 0.15625 0.23938875 0.129895625
v 0.210515 0.15625 0.175008125
v 0.23938875 0.054265 0.199011875
v 0.23938875 -0.054265 0.199011875
v 0.210515 -0.15625 0.175008125
v 0.15625 -0.23938875 0.129895625
v 0.08313875 -0.29365375 0.06911625
v 0.101985 0.29365375 0.036775625
v 0.19166875 0.23938875 0.06911625
v 0.258235 0.15625 0.09312
v 0.29365375 0.054265 0.105891875
v 0.29365375 -0.054265 0.105891875
v 0.258235 -0.15625 0.09312
v 0.19166875 -0.23938875 0.06911625
v 0.101985 -0.29365375 0.036775625
v 0.10853 0.29365375 0
v 0.20397 0.23938875 0
v 0.274808125 0.15625 0
v 0.3125 0.054265 0
v 0.3125 -0.054265 0
v 0.274808125 -0.15625 0
v 0.20397 -0.23938875 0
v 0.10853 -0.29365375 0
v 0.101985 0.29365375 -0.036775625
v 0.19166875 0.23938875 -0.06911625
v 0.258235 0.15625 -0.09312
v 0.29365375 0.054265 -0.105891875
v 0.29365375 -0.054265 -0.105891875
v 0.258235 -0.15625 -0.09312
v 0.19166875 -0.23938875 -0.06911625
v 0.101985 -0.29365375 -0.036775625
v 0.08313875 0.29365375 -0.06911625
v 0.15625 0.23938875 -0.129895625
v 0.210515 0.15625 -0.175008125
v 0.23938875 0.054265 -0.199011875
v 0.23938875 -0.054265 -0.199011875
v 0.210515 -0.15625 -0.175008125
v 0.15625 -0.23938875 -0.129895625
v 0.08313875 -0.29365375 -0.06911625
v 0.054265 0.29365375 -0.09312
v 0.101985 0.23938875 -0.175008125
v 0.13740375 0.15625 -0.2357875
v 0.15625 0.054265 -0.268128125
v 0.15625 -0.054265 -0.268128125
v 0.13740375 -0.15625 -0.2357875
v 0.101985 -0.23938875 -0.175008125
v 0.054265 -0.29365375 -0.09312
v 0.01884625 0.29365375 -0.105891875
v 0.03541875 0.23938875 -0.199011875
v 0.04772 0.15625 -0.268128125
v 0.054265 0.054265 -0.30490375
v 0.054265 -0.054265 -0.30490375
v 0.04772 -0.15625 -0.268128125
v 0.03541875 -0.23938875 -0.199011875
v 0.01884625 -0.29365375 -0.105891875
v -0.01884625 0.29365375 -0.105891875
v -0.03541875 0.23938875 -0.199011875
v -0.04772 0.15625 -0.268128125
v -0.054265 0.054265 -0.30490375
v -0.054265 -0.054265 -0.30490375
v -0.04772 -0.15625 -0.268128125
v -0.03541875 -0.23938875 -0.199011875
v -0.01884625 -0.29365375 -0.105891875
v -0.054265 0.29365375 -0.09312
v -0.101985 0.23938875 -0.175008125
v -0.13740375 0.15625 -0.2357875
v -0.15625 0.054265 -0.268128125
v -0.15625 -0.054265 -0.268128125
v -0.13740375 -0.15625 -0.2357875
v -0.101985 -0.23938875 -0.175008125
v -0.054265 -0.29365375 -0.09312
v -0.08313875 0.29365375 -0.06911625
v -0.15625 0.23938875 -0.129895625
v -0.210515 0.15625 -0.175008125
v -0.23938875 0.054265 -0.199011875
v -0.23938875 -0.054265 -0.199011875
v -0.210515 -0.15625 -0.175008125
v -0.15625 -0.23938875 -0.129895625
v -0.08313875 -0.29365375 -0.06911625
v -0.101985 0.29365375 -0.036775625
v -0.19166875 0.23938875 -0.06911625
v -0.258235 0.15625 -0.09312
v -0.29365375 0.054265 -0.105891875
v -0.29365375 -0.054265 -0.105891875
v -0.258235 -0.15625 -0.09312
v -0.19166875 -0.23938875 -0.06911625
v -0.101985 -0.29365375 -0.036775625
v -0.10853 0.29365375 0
v -0.20397 0.23938875 0
v -0.274808125 0.15625 0
v -0.3125 0.054265 0
v -0.3125 -0.054265 0
v -0.274808125 -0.15625 0
v -0.20397 -0.23938875 0
v -0.10853 -0.29365375 0
v -0.101985 0.29365375 0.036775625
v -0.19166875 0.23938875 0.06911625
v -0.258235 0.15625 0.09312
v -0.29365375 0.054265 0.105891875
v -0.29365375 -0.054265 0.105891875
v -0.258235 -0.15625 0.09312
v -0.19166875 -0.23938875 0.06911625
v -0.101985 -0.29365375 0.036775625
v -0.08313875 0.29365375 0.06911625
v -0.15625 0.23938875 0.129895625
v -0.210515 0.15625 0.175008125
v -0.23938875 0.054265 0.199011875
v -0.23938875 -0.054265 0.199011875
v -0.210515 -0.15625 0.175008125
v -0.15625 -0.23938875 0.129895625
v -0.08313875 -0.29365375 0.06911625
v -0.054265 0.29365375 0.09312
v -0.101985 0.23938875 0.175008125
v -0.13740375 0.15625 0.2357875
v -0.15625 0.054265 0.268128125
v -0.15625 -0.054265 0.268128125
v -0.13740375 -0.15625 0.2357875
v -0.101985 -0.23938875 0.175008125
v -0.054265 -0.29365375 0.09312
v -0.01884625 0.29365375 0.105891875
v -0.03541875 0.23938875 0.199011875
v -0.04772 0.15625 0.268128125
v -0.054265 0.054265 0.30490375
v -0.054265 -0.054265 0.30490375
v -0.04772 -0.15625 0.268128125
v -0.03541875 -0.23938875 0.199011875
v -0.01884625 -0.29365375 0.105891875
vt 0.10963109375 0.5806242187499999
vt 0.0956878125 0.57488546875
vt 0.1191825 0.5376096875
vt 0.10963109375 0.5806242187499999
vt 0.0992371875 0.6232921874999999
vt 0.0730353125 0.6125078125000001
vt 0.0956878125 0.57488546875
vt 0.3417453125 0.8125
vt 0.336825 0.7690875
vt 0.375 0.7690875
vt 0.3700796875 0.8125
vt 0.336825 0.7690875
vt 0.33420625 0.7256750000000001
vt 0.37761875 0.7256750000000001
vt 0.375 0.7690875
vt 0.33420625 0.7256750000000001
vt 0.33420625 0.6822625
vt 0.37761875 0.6822625
vt 0.37761875 0.7256750000000001
vt 0.33420625 0.6822625
vt 0.336825 0.6388499999999999
vt 0.375 0.6388499999999999
vt 0.37761875 0.6822625
vt 0.336825 0.6388499999999999
vt 0.3417453125 0.5954375000000001
vt 0.3700796875 0.5954375000000001
vt 0.375 0.6388499999999999
vt 0.50612828125 0.5645331250000001
vt 0.4977315625 0.5214278125
vt 0.511926875 0.5163440625
vt 0.53280359375 0.5549801562500001
vt 0.511926875 0.5163440625
vt 0.4977315625 0.5214278125
vt 0.4901925 0.47801531249999996
vt 0.0956878125 0.57488546875
vt 0.08449578125 0.5647815625
vt 0.1191825 0.5376096875
vt 0.0956878125 0.57488546875
vt 0.071516875 0.6115507812500001
vt 0.05048515625 0.59256390625
vt 0.08449578125 0.5647815625
vt 0.2672546875 0.984375
vt 0.25274328125 0.94316484375
vt 0.28995 0.93462125
vt 0.2948703125 0.97803375
vt 0.3802375 0.7690875
vt 0.37761875 0.7256750000000001
vt 0.42103125 0.7256750000000001
vt 0.4184125 0.7690875
vt 0.37761875 0.7256750000000001
vt 0.37761875 0.6822625
vt 0.42103125 0.6822625
vt 0.42103125 0.7256750000000001
vt 0.37761875 0.6822625
vt 0.3802375 0.6388499999999999
vt 0.4184125 0.6388499999999999
vt 0.42103125 0.6822625
vt 0.5581228125 0.5907610937500001
vt 0.534365 0.5540946875
vt 0.55625765625 0.5361071875000001
vt 0.58761890625 0.5665265625
vt 0.534365 0.5540946875
vt 0.511926875 0.5163440625
vt 0.52357703125 0.5067721875
vt 0.55625765625 0.5361071875000001
vt 0.52357703125 0.5067721875
vt 0.511926875 0.5163440625
vt 0.4901925 0.47801531249999996
vt 0.08449578125 0.5647815625
vt 0.07736546875 0.55149578125
vt 0.1191825 0.5376096875
vt 0.08449578125 0.5647815625
vt 0.049378125 0.59115078125
vt 0.035979375 0.5661846875000001
vt 0.07736546875 0.55149578125
vt 0.2948703125 0.97803375
vt 0.28995 0.93462125
vt 0.328125 0.93462125
vt 0.3232046875 0.97803375
vt 0.37761875 0.9409625
vt 0.375 0.89755
vt 0.4184125 0.89755
vt 0.41579375 0.9409625
vt 0.375 0.89755
vt 0.375 0.8541375
vt 0.4184125 0.8541375
vt 0.4184125 0.89755
vt 0.375 0.8541375
vt 0.37761875 0.810725
vt 0.41579375 0.810725
vt 0.4184125 0.8541375
vt 0.2587 0.890625
vt 0.2636203125 0.84375
vt 0.2919546875 0.84375
vt 0.296875 0.890625
vt 0.55742921875 0.5347471875
vt 0.52357703125 0.5067721875
vt 0.5313178125 0.49383265624999995
vt 0.57197546875 0.51043171875
vt 0.5313178125 0.49383265624999995
vt 0.52357703125 0.5067721875
vt 0.4901925 0.47801531249999996
vt 0.07736546875 0.55149578125
vt 0.0751321875 0.5365840625
vt 0.1191825 0.5376096875
vt 0.07736546875 0.55149578125
vt 0.03541359375 0.56448109375
vt 0.03121671875 0.53645921875
vt 0.0751321875 0.5365840625
vt 0.4259515625 0.984375
vt 0.42103125 0.9409625
vt 0.45920625 0.9409625
vt 0.4542859375 0.984375
vt 0.42103125 0.9409625
vt 0.4184125 0.89755
vt 0.461825 0.89755
vt 0.45920625 0.9409625
vt 0.4184125 0.89755
vt 0.4184125 0.8541375
vt 0.461825 0.8541375
vt 0.461825 0.89755
vt 0.4184125 0.8541375
vt 0.42103125 0.810725
vt 0.45920625 0.810725
vt 0.461825 0.8541375
vt 0.42103125 0.810725
vt 0.4259515625 0.7673125000000001
vt 0.4542859375 0.7673125000000001
vt 0.45920625 0.810725
vt 0.57261984375 0.5087564062500001
vt 0.5313178125 0.49383265624999995
vt 0.5342428125 0.4790409375
vt 0.57811640625 0.48096031250000004
vt 0.5342428125 0.4790409375
vt 0.5313178125 0.49383265624999995
vt 0.4901925 0.47801531249999996
vt 0.0751321875 0.5365840625
vt 0.0780571875 0.52179234375
vt 0.1191825 0.5376096875
vt 0.0751321875 0.5365840625
vt 0.03125859375 0.5346646875000001
vt 0.03675515625 0.5068685937499999
vt 0.0780571875 0.52179234375
vt 0.4693640625 0.984375
vt 0.46444375 0.9409625
vt 0.50261875 0.9409625
vt 0.4976984375 0.984375
vt 0.46444375 0.9409625
vt 0.461825 0.89755
vt 0.5052375 0.89755
vt 0.50261875 0.9409625
vt 0.461825 0.89755
vt 0.461825 0.8541375
vt 0.5052375 0.8541375
vt 0.5052375 0.89755
vt 0.461825 0.8541375
vt 0.46444375 0.810725
vt 0.50261875 0.810725
vt 0.5052375 0.8541375
vt 0.46444375 0.810725
vt 0.4693640625 0.7673125000000001
vt 0.4976984375 0.7673125000000001
vt 0.50261875 0.810725
vt 0.57815828125 0.47916578125
vt 0.5342428125 0.4790409375
vt 0.53200953125 0.46412921875
vt 0.57396140625 0.45114390625
vt 0.53200953125 0.46412921875
vt 0.5342428125 0.4790409375
vt 0.4901925 0.47801531249999996
vt 0.0780571875 0.52179234375
vt 0.08579796875 0.5088528125
vt 0.1191825 0.5376096875
vt 0.0780571875 0.52179234375
vt 0.03739953125 0.50519328125
vt 0.05194578125 0.48087781249999995
vt 0.08579796875 0.5088528125
vt 0.5127765625 0.984375
vt 0.50785625 0.9409625
vt 0.54603125 0.9409625
vt 0.5411109375 0.984375
vt 0.50785625 0.9409625
vt 0.5052375 0.89755
vt 0.54865 0.89755
vt 0.54603125 0.9409625
vt 0.5052375 0.89755
vt 0.5052375 0.8541375
vt 0.54865 0.8541375
vt 0.54865 0.89755
vt 0.5052375 0.8541375
vt 0.50785625 0.810725
vt 0.54603125 0.810725
vt 0.54865 0.8541375
vt 0.50785625 0.810725
vt 0.5127765625 0.7673125000000001
vt 0.5411109375 0.7673125000000001
vt 0.54603125 0.810725
vt 0.573395625 0.44944031250000005
vt 0.53200953125 0.46412921875
vt 0.52487921875 0.4508434375
vt 0.559996875 0.42447421875
vt 0.52487921875 0.4508434375
vt 0.53200953125 0.46412921875
vt 0.4901925 0.47801531249999996
vt 0.08579796875 0.5088528125
vt 0.097448125 0.4992809375
vt 0.1191825 0.5376096875
vt 0.08579796875 0.5088528125
vt 0.05311734375 0.47951781250000003
vt 0.07501 0.4615303125
vt 0.097448125 0.4992809375
vt 0.05311734375 0.47951781250000003
vt 0.02175609375 0.4490984375
vt 0.0512521875 0.42486390625000003
vt 0.07501 0.4615303125
vt 0.0190875 0.9409625
vt 0.01646875 0.89755
vt 0.05988125 0.89755
vt 0.0572625 0.9409625
vt 0.01646875 0.89755
vt 0.01646875 0.8541375
vt 0.05988125 0.8541375
vt 0.05988125 0.89755
vt 0.01646875 0.8541375
vt 0.0190875 0.810725
vt 0.0572625 0.810725
vt 0.05988125 0.8541375
vt 0.3125 0.890625
vt 0.3174203125 0.84375
vt 0.3457546875 0.84375
vt 0.350675 0.890625
vt 0.55888984375 0.42306109375
vt 0.52487921875 0.4508434375
vt 0.5136871875 0.44073953125
vt 0.537858125 0.40407421875000005
vt 0.5136871875 0.44073953125
vt 0.52487921875 0.4508434375
vt 0.4901925 0.47801531249999996
vt 0.097448125 0.4992809375
vt 0.1116434375 0.49419718749999997
vt 0.1191825 0.5376096875
vt 0.097448125 0.4992809375
vt 0.07657140625 0.46064484375000003
vt 0.10324671875 0.45109187500000003
vt 0.1116434375 0.49419718749999997
vt 0.0674203125 0.984375
vt 0.0625 0.9409625
vt 0.100675 0.9409625
vt 0.0957546875 0.984375
vt 0.0625 0.9409625
vt 0.05988125 0.89755
vt 0.10329375 0.89755
vt 0.100675 0.9409625
vt 0.05988125 0.89755
vt 0.05988125 0.8541375
vt 0.10329375 0.8541375
vt 0.10329375 0.89755
vt 0.05988125 0.8541375
vt 0.0625 0.810725
vt 0.100675 0.810725
vt 0.10329375 0.8541375
vt 0.0625 0.810725
vt 0.0674203125 0.7673125000000001
vt 0.0957546875 0.7673125000000001
vt 0.100675 0.810725
vt 0.5363396875 0.40311718750000003
vt 0.5136871875 0.44073953125
vt 0.49974390625 0.43500078124999997
vt 0.5101378125 0.39233281249999996
vt 0.49974390625 0.43500078124999997
vt 0.5136871875 0.44073953125
vt 0.4901925 0.47801531249999996
vt 0.1116434375 0.49419718749999997
vt 0.1267215625 0.49419718749999997
vt 0.1191825 0.5376096875
vt 0.1116434375 0.49419718749999997
vt 0.1050153125 0.4507846875
vt 0.1333496875 0.4507846875
vt 0.1267215625 0.49419718749999997
vt 0.1108328125 0.984375
vt 0.1059125 0.9409625
vt 0.1440875 0.9409625
vt 0.1391671875 0.984375
vt 0.1059125 0.9409625
vt 0.10329375 0.89755
vt 0.14670625 0.89755
vt 0.1440875 0.9409625
vt 0.10329375 0.89755
vt 0.10329375 0.8541375
vt 0.14670625 0.8541375
vt 0.14670625 0.89755
vt 0.10329375 0.8541375
vt 0.1059125 0.810725
vt 0.1440875 0.810725
vt 0.14670625 0.8541375
vt 0.1059125 0.810725
vt 0.1108328125 0.7673125000000001
vt 0.1391671875 0.7673125000000001
vt 0.1440875 0.810725
vt 0.50838546875 0.39194375000000004
vt 0.49974390625 0.43500078124999997
vt 0.4846821875 0.43429890625
vt 0.48008171875 0.390625
vt 0.4846821875 0.43429890625
vt 0.49974390625 0.43500078124999997
vt 0.4901925 0.47801531249999996
vt 0.1267215625 0.49419718749999997
vt 0.140916875 0.4992809375
vt 0.1191825 0.5376096875
vt 0.1267215625 0.49419718749999997
vt 0.1333496875 0.4507846875
vt 0.160393125 0.4592396875
vt 0.1411128125 0.49869656250000005
vt 0.1542453125 0.984375
vt 0.149325 0.9409625
vt 0.1875 0.9409625
vt 0.1825796875 0.984375
vt 0.149325 0.9409625
vt 0.14670625 0.89755
vt 0.19011875 0.89755
vt 0.1875 0.9409625
vt 0.14670625 0.89755
vt 0.14670625 0.8541375
vt 0.19011875 0.8541375
vt 0.19011875 0.89755
vt 0.14670625 0.8541375
vt 0.149325 0.810725
vt 0.1875 0.810725
vt 0.19011875 0.8541375
vt 0.149325 0.810725
vt 0.1542453125 0.7673125000000001
vt 0.1825796875 0.7673125000000001
vt 0.1875 0.810725
vt 0.43985875 0.3928184375
vt 0.46340734375 0.42988640624999996
vt 0.45204640625 0.43979999999999997
vt 0.41850953125 0.41144765625
vt 0.4666978125 0.44073953125
vt 0.48064109375 0.43500078124999997
vt 0.4901925 0.47801531249999996
vt 0.140916875 0.4992809375
vt 0.15256703125 0.5088528125
vt 0.1191825 0.5376096875
vt 0.1411128125 0.49869656250000005
vt 0.160393125 0.4592396875
vt 0.1836815625 0.47537921875
vt 0.153505625 0.50728515625
vt 0.160393125 0.4592396875
vt 0.18107734375 0.42075562499999997
vt 0.21245390625 0.44250046875000004
vt 0.1836815625 0.47537921875
vt 0.1927375 0.9409625
vt 0.19011875 0.89755
vt 0.23353125 0.89755
vt 0.2309125 0.9409625
vt 0.19011875 0.89755
vt 0.19011875 0.8541375
vt 0.23353125 0.8541375
vt 0.23353125 0.89755
vt 0.19011875 0.8541375
vt 0.1927375 0.810725
vt 0.2309125 0.810725
vt 0.23353125 0.8541375
vt 0.01836828125 0.72871015625
vt 0.0328796875 0.6875
vt 0.0604953125 0.69384125
vt 0.055575 0.73725375
vt 0.41850953125 0.41144765625
vt 0.45204640625 0.43979999999999997
vt 0.44416125 0.45265203125
vt 0.403691875 0.43559890625
vt 0.45550578125 0.4508434375
vt 0.4666978125 0.44073953125
vt 0.4901925 0.47801531249999996
vt 0.15256703125 0.5088528125
vt 0.1603078125 0.52179234375
vt 0.1191825 0.5376096875
vt 0.153505625 0.50728515625
vt 0.1836815625 0.47537921875
vt 0.20109296875 0.49773265624999996
vt 0.16277109375 0.519180625
vt 0.1229953125 0.75
vt 0.118075 0.703125
vt 0.15625 0.703125
vt 0.1513296875 0.75
vt 0.20574375 0.39408750000000003
vt 0.203125 0.35067499999999996
vt 0.2465375 0.35067499999999996
vt 0.24391875 0.39408750000000003
vt 0.203125 0.35067499999999996
vt 0.203125 0.3072625
vt 0.2465375 0.3072625
vt 0.2465375 0.35067499999999996
vt 0.203125 0.3072625
vt 0.20574375 0.26385000000000003
vt 0.24391875 0.26385000000000003
vt 0.2465375 0.3072625
vt 0.055575 0.73725375
vt 0.0604953125 0.69384125
vt 0.0888296875 0.69384125
vt 0.09375 0.73725375
vt 0.403691875 0.43559890625
vt 0.44416125 0.45265203125
vt 0.4404703125 0.46727140624999997
vt 0.39675609375 0.46307125000000005
vt 0.44837546875 0.46412921875
vt 0.45550578125 0.4508434375
vt 0.4901925 0.47801531249999996
vt 0.1603078125 0.52179234375
vt 0.1632328125 0.5365840625
vt 0.1191825 0.5376096875
vt 0.16277109375 0.519180625
vt 0.20109296875 0.49773265624999996
vt 0.2110409375 0.5242634374999999
vt 0.168065 0.53329890625
vt 0.2540765625 0.4375
vt 0.24915625 0.39408750000000003
vt 0.28733125 0.39408750000000003
vt 0.2824109375 0.4375
vt 0.24915625 0.39408750000000003
vt 0.2465375 0.35067499999999996
vt 0.28995 0.35067499999999996
vt 0.28733125 0.39408750000000003
vt 0.2465375 0.35067499999999996
vt 0.2465375 0.3072625
vt 0.28995 0.3072625
vt 0.28995 0.35067499999999996
vt 0.2465375 0.3072625
vt 0.24915625 0.26385000000000003
vt 0.28733125 0.26385000000000003
vt 0.28995 0.3072625
vt 0.24915625 0.26385000000000003
vt 0.2540765625 0.22043749999999995
vt 0.2824109375 0.22043749999999995
vt 0.28733125 0.26385000000000003
vt 0.39675609375 0.46307125000000005
vt 0.4404703125 0.46727140624999997
vt 0.44131 0.48232609375
vt 0.3983340625 0.49136156249999996
vt 0.4461421875 0.4790409375
vt 0.44837546875 0.46412921875
vt 0.4901925 0.47801531249999996
vt 0.1632328125 0.5365840625
vt 0.16099953125 0.55149578125
vt 0.1191825 0.5376096875
vt 0.168065 0.53329890625
vt 0.2110409375 0.5242634374999999
vt 0.21261890625 0.55255375
vt 0.1689046875 0.5483535937499999
vt 0.2974890625 0.4375
vt 0.29256875 0.39408750000000003
vt 0.33074375 0.39408750000000003
vt 0.3258234375 0.4375
vt 0.29256875 0.39408750000000003
vt 0.28995 0.35067499999999996
vt 0.3333625 0.35067499999999996
vt 0.33074375 0.39408750000000003
vt 0.28995 0.35067499999999996
vt 0.28995 0.3072625
vt 0.3333625 0.3072625
vt 0.3333625 0.35067499999999996
vt 0.28995 0.3072625
vt 0.29256875 0.26385000000000003
vt 0.33074375 0.26385000000000003
vt 0.3333625 0.3072625
vt 0.29256875 0.26385000000000003
vt 0.2974890625 0.22043749999999995
vt 0.3258234375 0.22043749999999995
vt 0.33074375 0.26385000000000003
vt 0.3983340625 0.49136156249999996
vt 0.44131 0.48232609375
vt 0.44660390625 0.49644437500000005
vt 0.40828203125 0.51789234375
vt 0.4490671875 0.49383265624999995
vt 0.4461421875 0.4790409375
vt 0.4901925 0.47801531249999996
vt 0.16099953125 0.55149578125
vt 0.15386921875 0.5647815625
vt 0.1191825 0.5376096875
vt 0.1689046875 0.5483535937499999
vt 0.21261890625 0.55255375
vt 0.205683125 0.58002609375
vt 0.16521375 0.56297296875
vt 0.3409015625 0.4375
vt 0.33598125 0.39408750000000003
vt 0.37415625 0.39408750000000003
vt 0.3692359375 0.4375
vt 0.33598125 0.39408750000000003
vt 0.3333625 0.35067499999999996
vt 0.376775 0.35067499999999996
vt 0.37415625 0.39408750000000003
vt 0.3333625 0.35067499999999996
vt 0.3333625 0.3072625
vt 0.376775 0.3072625
vt 0.376775 0.35067499999999996
vt 0.3333625 0.3072625
vt 0.33598125 0.26385000000000003
vt 0.37415625 0.26385000000000003
vt 0.376775 0.3072625
vt 0.33598125 0.26385000000000003
vt 0.3409015625 0.22043749999999995
vt 0.3692359375 0.22043749999999995
vt 0.37415625 0.26385000000000003
vt 0.40828203125 0.51789234375
vt 0.44660390625 0.49644437500000005
vt 0.455869375 0.50833984375
vt 0.4256934375 0.54024578125
vt 0.45680796875 0.5067721875
vt 0.4490671875 0.49383265624999995
vt 0.4901925 0.47801531249999996
vt 0.15386921875 0.5647815625
vt 0.1426771875 0.57488546875
vt 0.1191825 0.5376096875
vt 0.16521375 0.56297296875
vt 0.205683125 0.58002609375
vt 0.19086546875 0.60417734375
vt 0.15732859375 0.575825
vt 0.1299203125 0.6875
vt 0.125 0.640625
vt 0.163175 0.640625
vt 0.1582546875 0.6875
vt 0.2065875 0.7690875
vt 0.20396875 0.7256750000000001
vt 0.24738125 0.7256750000000001
vt 0.2447625 0.7690875
vt 0.20396875 0.7256750000000001
vt 0.20396875 0.6822625
vt 0.24738125 0.6822625
vt 0.24738125 0.7256750000000001
vt 0.20396875 0.6822625
vt 0.2065875 0.6388499999999999
vt 0.2447625 0.6388499999999999
vt 0.24738125 0.6822625
vt 0.39692109375 0.57312453125
vt 0.4256934375 0.54024578125
vt 0.448981875 0.5563853125
vt 0.42829765625 0.594869375
vt 0.4256934375 0.54024578125
vt 0.455869375 0.50833984375
vt 0.4682621875 0.5169284375000001
vt 0.448981875 0.5563853125
vt 0.468458125 0.5163440625
vt 0.45680796875 0.5067721875
vt 0.4901925 0.47801531249999996
vt 0.1426771875 0.57488546875
vt 0.12873390625 0.5806242187499999
vt 0.1191825 0.5376096875
vt 0.15732859375 0.575825
vt 0.19086546875 0.60417734375
vt 0.16951625 0.6228065625
vt 0.14596765625 0.5857385937499999
vt 0.2549203125 0.8125
vt 0.25 0.7690875
vt 0.288175 0.7690875
vt 0.2832546875 0.8125
vt 0.25 0.7690875
vt 0.24738125 0.7256750000000001
vt 0.29079375 0.7256750000000001
vt 0.288175 0.7690875
vt 0.24738125 0.7256750000000001
vt 0.24738125 0.6822625
vt 0.29079375 0.6822625
vt 0.29079375 0.7256750000000001
vt 0.24738125 0.6822625
vt 0.25 0.6388499999999999
vt 0.288175 0.6388499999999999
vt 0.29079375 0.6822625
vt 0.25 0.6388499999999999
vt 0.2549203125 0.5954375000000001
vt 0.2832546875 0.5954375000000001
vt 0.288175 0.6388499999999999
vt 0.448981875 0.5563853125
vt 0.4682621875 0.5169284375000001
vt 0.4826534375 0.5214278125
vt 0.4760253125 0.5648403125
vt 0.4826534375 0.5214278125
vt 0.468458125 0.5163440625
vt 0.4901925 0.47801531249999996
vt 0.1246928125 0.58132609375
vt 0.10963109375 0.5806242187499999
vt 0.1191825 0.5376096875
vt 0.1246928125 0.58132609375
vt 0.12929328125 0.625
vt 0.10098953125 0.62368125
vt 0.10963109375 0.5806242187499999
vt 0.2983328125 0.8125
vt 0.2934125 0.7690875
vt 0.3315875 0.7690875
vt 0.3266671875 0.8125
vt 0.2934125 0.7690875
vt 0.29079375 0.7256750000000001
vt 0.33420625 0.7256750000000001
vt 0.3315875 0.7690875
vt 0.29079375 0.7256750000000001
vt 0.29079375 0.6822625
vt 0.33420625 0.6822625
vt 0.33420625 0.7256750000000001
vt 0.29079375 0.6822625
vt 0.2934125 0.6388499999999999
vt 0.3315875 0.6388499999999999
vt 0.33420625 0.6822625
vt 0.2934125 0.6388499999999999
vt 0.2983328125 0.5954375000000001
vt 0.3266671875 0.5954375000000001
vt 0.3315875 0.6388499999999999
vt 0.4760253125 0.5648403125
vt 0.4826534375 0.5214278125
vt 0.4977315625 0.5214278125
vt 0.5043596875 0.5648403125
vt 0.4977315625 0.5214278125
vt 0.4826534375 0.5214278125
vt 0.4901925 0.47801531249999996
vn 0.05937620328316165 0.9845614205632688 0.1646610932251906
vn 0.17065588696114198 0.8642367614311722 0.47325615520187947
vn 0.26074095631850125 0.6396856610189767 0.7230604461487493
vn 0.3190651686291248 0.3395415281788392 0.8848214332901564
vn 0.3392177330477548 0 0.9407078874900234
vn 0.31907229735649617 -0.3395411157716324 0.8848190209077801
vn 0.2607357017312119 -0.6396861206985797 0.7230619342963193
vn 0.17065458679738393 -0.864236860002257 0.4732564440326762
vn 0.05937620328316165 -0.9845614205632688 0.1646610932251906
vn 0.11160156521146361 0.9846439360154359 0.13424384496274533
vn 0.32095296057249745 0.8648354516005767 0.3860684379155792
vn 0.49081869525857014 0.6407187141545021 0.5904037074044136
vn 0.6011068390156306 0.34037218609599623 0.7230610921774657
vn 0.6392775975791511 0 0.7689760420412518
vn 0.601102967156598 -0.3403724516726491 0.7230641859599215
vn 0.49082227504996023 -0.6407183513902189 0.5904011250891901
vn 0.3209523889670913 -0.8648355005519613 0.38606880345523326
vn 0.11160156521146361 -0.9846439360154359 0.13424384496274533
vn 0.15037480698020259 0.9847377532080072 0.08762975997064508
vn 0.4327589644201306 0.8655179288402616 0.25218721928377025
vn 0.6625010164997938 0.6419052557824422 0.3860700010822101
vn 0.8121174729757132 0.3413127836518169 0.4732555269654968
vn 0.8640009207390638 0 0.503490227275615
vn 0.8121161659799505 -0.3413129185963986 0.4732576724715974
vn 0.6625021011014709 -0.6419050970222215 0.38606840385225616
vn 0.43275910590800937 -0.8655179120532983 0.25218703410088167
vn 0.15037480698020259 -0.9847377532080072 0.08762975997064508
vn 0.1710104919444251 0.9847990284925888 0.030434932642919372
vn 0.4923688364317753 0.8659640123612884 0.08763137683477307
vn 0.7542790877656858 0.6426832194883508 0.13424357395217676
vn 0.9251859328458892 0.34193226244611963 0.16466122057898064
vn 0.9845287978228975 0 0.175222847418367
vn 0.9251859962284784 -0.3419322445209198 0.1646609016725099
vn 0.7542785181565792 -0.6426834159302389 0.1342458339605176
vn 0.49237000537222236 -0.8659637246100346 0.08762765242361459
vn 0.17101049194442516 -0.9847990284925889 0.030434932642919382
vn 0.17101049194442516 0.9847990284925889 -0.030434932642919382
vn 0.4923677001320524 0.8659646789017434 -0.08763117459713769
vn 0.7542800394063851 0.6426820672246627 -0.13424374332138062
vn 0.9251858374705867 0.34193252868276375 -0.16466120360443187
vn 0.9845287978228975 0 -0.175222847418367
vn 0.9251858877719614 -0.34193254727327344 -0.16466088236985296
vn 0.7542798002962554 -0.642681863491587 -0.1342460621546209
vn 0.4923678698003668 -0.8659649773103664 -0.08762727235345141
vn 0.1710104919444251 -0.9847990284925888 -0.030434932642919372
vn 0.15037480698020259 0.9847377532080072 -0.08762975997064508
vn 0.4327589046764808 0.8655179688562348 -0.2521871844685818
vn 0.6625003234355079 0.6419062139942713 -0.38606959720157746
vn 0.8121181200035437 0.34131072130198487 -0.47325590401624
vn 0.8640009207390638 0 -0.503490227275615
vn 0.812116901752605 -0.34131057337578524 -0.47325810124037276
vn 0.6625011673323962 -0.6419063880240286 -0.38606785970494617
vn 0.4327589936286818 -0.865517987257364 -0.2521869686709687
vn 0.15037480698020259 -0.9847377532080072 -0.08762975997064508
vn 0.11160156521146361 0.9846439360154359 -0.13424384496274533
vn 0.3209530898759692 0.8648353341814767 -0.3860685934523573
vn 0.49081751982318783 0.6407209174752044 -0.5904022934782239
vn 0.6011077841511608 0.34036810181446164 -0.7230622290647616
vn 0.6392775975791511 0 -0.7689760420412518
vn 0.6011040419191036 -0.34036780719516124 -0.7230654787871388
vn 0.4908206913821781 -0.6407213199104843 -0.5903992201242204
vn 0.32095263197845997 -0.8648352798755775 -0.38606909576995513
vn 0.11160156521146361 -0.9846439360154359 -0.13424384496274533
vn 0.05937620328316165 0.9845614205632688 -0.1646610932251906
vn 0.17065602214731956 0.864236529445178 -0.47325653009483953
vn 0.2607417297045329 0.6396829215639671 -0.7230625908246644
vn 0.319064406603793 0.33954775110019697 -0.8848193200656099
vn 0.3392177330477548 0 -0.9407078874900234
vn 0.3190714307930913 -0.3395481922240938 -0.8848166178417985
vn 0.2607367436852681 -0.6396824298606713 -0.723064823802092
vn 0.17065484086564028 -0.8642364240057058 -0.4732571486105129
vn 0.05937620328316165 -0.9845614205632688 -0.1646610932251906
vn 0 0.9845287978228975 -0.175222847418367
vn 0 0.8640009207390636 -0.503490227275615
vn 0 0.6392775975791511 -0.7689760420412518
vn 0 0.3392177330477548 -0.9407078874900234
vn 0 0 -1
vn 0 -0.33921773304775477 -0.9407078874900234
vn 0 -0.6392775975791511 -0.7689760420412517
vn 0 -0.8640009207390636 -0.5034902272756149
vn 0 -0.9845287978228975 -0.175222847418367
vn -0.05937620328316165 0.9845614205632688 -0.1646610932251906
vn -0.17065588696114198 0.8642367614311722 -0.47325615520187947
vn -0.26074095631850125 0.6396856610189767 -0.7230604461487493
vn -0.3190651686291248 0.3395415281788392 -0.8848214332901564
vn -0.3392177330477548 0 -0.9407078874900234
vn -0.31907229735649617 -0.3395411157716324 -0.8848190209077801
vn -0.2607357017312119 -0.6396861206985797 -0.7230619342963193
vn -0.17065458679738393 -0.864236860002257 -0.4732564440326762
vn -0.05937620328316165 -0.9845614205632688 -0.1646610932251906
vn -0.11160156521146361 0.9846439360154359 -0.13424384496274533
vn -0.32095296057249745 0.8648354516005767 -0.3860684379155792
vn -0.49081869525857014 0.6407187141545021 -0.5904037074044136
vn -0.6011068390156306 0.34037218609599623 -0.7230610921774657
vn -0.6392775975791511 0 -0.7689760420412518
vn -0.601102967156598 -0.3403724516726491 -0.7230641859599215
vn -0.49082227504996023 -0.6407183513902189 -0.5904011250891901
vn -0.3209523889670913 -0.8648355005519613 -0.38606880345523326
vn -0.11160156521146361 -0.9846439360154359 -0.13424384496274533
vn -0.15037480698020259 0.9847377532080072 -0.08762975997064508
vn -0.4327589644201306 0.8655179288402616 -0.25218721928377025
vn -0.6625010164997938 0.6419052557824422 -0.3860700010822101
vn -0.8121174729757132 0.3413127836518169 -0.4732555269654968
vn -0.8640009207390638 0 -0.503490227275615
vn -0.8121161659799505 -0.3413129185963986 -0.4732576724715974
vn -0.6625021011014709 -0.6419050970222215 -0.38606840385225616
vn -0.43275910590800937 -0.8655179120532983 -0.25218703410088167
vn -0.15037480698020259 -0.9847377532080072 -0.08762975997064508
vn -0.1710104919444251 0.9847990284925888 -0.030434932642919372
vn -0.4923688364317753 0.8659640123612884 -0.08763137683477307
vn -0.7542790877656858 0.6426832194883508 -0.13424357395217676
vn -0.9251859328458892 0.34193226244611963 -0.16466122057898064
vn -0.9845287978228975 0 -0.175222847418367
vn -0.9251859962284784 -0.3419322445209198 -0.1646609016725099
vn -0.7542785181565792 -0.6426834159302389 -0.1342458339605176
vn -0.49237000537222236 -0.8659637246100346 -0.08762765242361459
vn -0.17101049194442516 -0.9847990284925889 -0.030434932642919382
vn -0.17101049194442516 0.9847990284925889 0.030434932642919382
vn -0.4923677001320524 0.8659646789017434 0.08763117459713769
vn -0.7542800394063851 0.6426820672246627 0.13424374332138062
vn -0.9251858374705867 0.34193252868276375 0.16466120360443187
vn -0.9845287978228975 0 0.175222847418367
vn -0.9251858877719614 -0.34193254727327344 0.16466088236985296
vn -0.7542798002962554 -0.642681863491587 0.1342460621546209
vn -0.4923678698003668 -0.8659649773103664 0.08762727235345141
vn -0.1710104919444251 -0.9847990284925888 0.030434932642919372
vn -0.15037480698020259 0.9847377532080072 0.08762975997064508
vn -0.4327589046764808 0.8655179688562348 0.2521871844685818
vn -0.6625003234355079 0.6419062139942713 0.38606959720157746
vn -0.8121181200035437 0.34131072130198487 0.47325590401624
vn -0.8640009207390638 0 0.503490227275615
vn -0.812116901752605 -0.34131057337578524 0.47325810124037276
vn -0.6625011673323962 -0.6419063880240286 0.38606785970494617
vn -0.4327589936286818 -0.865517987257364 0.2521869686709687
vn -0.15037480698020259 -0.9847377532080072 0.08762975997064508
vn -0.11160156521146361 0.9846439360154359 0.13424384496274533
vn -0.3209530898759692 0.8648353341814767 0.3860685934523573
vn -0.49081751982318783 0.6407209174752044 0.5904022934782239
vn -0.6011077841511608 0.34036810181446164 0.7230622290647616
vn -0.6392775975791511 0 0.7689760420412518
vn -0.6011040419191036 -0.34036780719516124 0.7230654787871388
vn -0.4908206913821781 -0.6407213199104843 0.5903992201242204
vn -0.32095263197845997 -0.8648352798755775 0.38606909576995513
vn -0.11160156521146361 -0.9846439360154359 0.13424384496274533
vn -0.05937620328316165 0.9845614205632688 0.1646610932251906
vn -0.17065602214731956 0.864236529445178 0.47325653009483953
vn -0.2607417297045329 0.6396829215639671 0.7230625908246644
vn -0.319064406603793 0.33954775110019697 0.8848193200656099
vn -0.3392177330477548 0 0.9407078874900234
vn -0.3190714307930913 -0.3395481922240938 0.8848166178417985
vn -0.2607367436852681 -0.6396824298606713 0.723064823802092
vn -0.17065484086564028 -0.8642364240057058 0.4732571486105129
vn -0.05937620328316165 -0.9845614205632688 0.1646610932251906
vn 0 0.9845287978228975 0.175222847418367
vn 0 0.8640009207390636 0.503490227275615
vn 0 0.6392775975791511 0.7689760420412518
vn 0 0.3392177330477548 0.9407078874900234
vn 0 0 1
vn 0 -0.33921773304775477 0.9407078874900234
vn 0 -0.6392775975791511 0.7689760420412517
vn 0 -0.8640009207390636 0.5034902272756149
vn 0 -0.9845287978228975 0.175222847418367
usemtl m_b582598b-1155-26de-12e6-b772921adaa6
f 79/361/109 87/362/109 78/363/109
f 79/364/110 80/365/110 88/366/110 87/367/110
f 80/368/111 81/369/111 89/370/111 88/371/111
f 81/372/112 82/373/112 90/374/112 89/375/112
f 82/376/113 83/377/113 91/378/113 90/379/113
f 83/380/114 84/381/114 92/382/114 91/383/114
f 84/384/115 85/385/115 93/386/115 92/387/115
f 85/388/116 86/389/116 94/390/116 93/391/116
f 94/392/117 86/393/117 77/394/117
f 87/395/118 95/396/118 78/397/118
f 87/398/119 88/399/119 96/400/119 95/401/119
f 88/402/120 89/403/120 97/404/120 96/405/120
f 89/406/121 90/407/121 98/408/121 97/409/121
f 90/410/122 91/411/122 99/412/122 98/413/122
f 91/414/123 92/415/123 100/416/123 99/417/123
f 92/418/124 93/419/124 101/420/124 100/421/124
f 93/422/125 94/423/125 102/424/125 101/425/125
f 102/426/126 94/427/126 77/428/126
f 95/429/127 103/430/127 78/431/127
f 95/432/128 96/433/128 104/434/128 103/435/128
f 96/436/129 97/437/129 105/438/129 104/439/129
f 97/440/130 98/441/130 106/442/130 105/443/130
f 98/444/131 99/445/131 107/446/131 106/447/131
f 99/448/132 100/449/132 108/450/132 107/451/132
f 100/452/133 101/453/133 109/454/133 108/455/133
f 101/456/134 102/457/134 110/458/134 109/459/134
f 110/460/135 102/461/135 77/462/135
f 103/463/136 111/464/136 78/465/136
f 103/466/137 104/467/137 112/468/137 111/469/137
f 104/470/138 105/471/138 113/472/138 112/473/138
f 105/474/139 106/475/139 114/476/139 113/477/139
f 106/478/140 107/479/140 115/480/140 114/481/140
f 107/482/141 108/483/141 116/484/141 115/485/141
f 108/486/142 109/487/142 117/488/142 116/489/142
f 109/490/143 110/491/143 118/492/143 117/493/143
f 118/494/144 110/495/144 77/496/144
f 111/497/145 119/498/145 78/499/145
f 111/500/146 112/501/146 120/502/146 119/503/146
f 112/504/147 113/505/147 121/506/147 120/507/147
f 113/508/148 114/509/148 122/510/148 121/511/148
f 114/512/149 115/513/149 123/514/149 122/515/149
f 115/516/150 116/517/150 124/518/150 123/519/150
f 116/520/151 117/521/151 125/522/151 124/523/151
f 117/524/152 118/525/152 126/526/152 125/527/152
f 126/528/153 118/529/153 77/530/153
f 119/531/154 127/532/154 78/533/154
f 119/534/155 120/535/155 128/536/155 127/537/155
f 120/538/156 121/539/156 129/540/156 128/541/156
f 121/542/157 122/543/157 130/544/157 129/545/157
f 122/546/158 123/547/158 131/548/158 130/549/158
f 123/550/159 124/551/159 132/552/159 131/553/159
f 124/554/160 125/555/160 133/556/160 132/557/160
f 125/558/161 126/559/161 134/560/161 133/561/161
f 134/562/162 126/563/162 77/564/162
f 127/565/163 135/566/163 78/567/163
f 127/568/164 128/569/164 136/570/164 135/571/164
f 128/572/165 129/573/165 137/574/165 136/575/165
f 129/576/166 130/577/166 138/578/166 137/579/166
f 130/580/167 131/581/167 139/582/167 138/583/167
f 131/584/168 132/585/168 140/586/168 139/587/168
f 132/588/169 133/589/169 141/590/169 140/591/169
f 133/592/170 134/593/170 142/594/170 141/595/170
f 142/596/171 134/597/171 77/598/171
f 135/599/172 143/600/172 78/601/172
f 135/602/173 136/603/173 144/604/173 143/605/173
f 136/606/174 137/607/174 145/608/174 144/609/174
f 137/610/175 138/611/175 146/612/175 145/613/175
f 138/614/176 139/615/176 147/616/176 146/617/176
f 139/618/177 140/619/177 148/620/177 147/621/177
f 140/622/178 141/623/178 149/624/178 148/625/178
f 141/626/179 142/627/179 150/628/179 149/629/179
f 150/630/180 142/631/180 77/632/180
f 143/633/181 151/634/181 78/635/181
f 143/636/182 144/637/182 152/638/182 151/639/182
f 144/640/183 145/641/183 153/642/183 152/643/183
f 145/644/184 146/645/184 154/646/184 153/647/184
f 146/648/185 147/649/185 155/650/185 154/651/185
f 147/652/186 148/653/186 156/654/186 155/655/186
f 148/656/187 149/657/187 157/658/187 156/659/187
f 149/660/188 150/661/188 158/662/188 157/663/188
f 158/664/189 150/665/189 77/666/189
f 151/667/190 159/668/190 78/669/190
f 151/670/191 152/671/191 160/672/191 159/673/191
f 152/674/192 153/675/192 161/676/192 160/677/192
f 153/678/193 154/679/193 162/680/193 161/681/193
f 154/682/194 155/683/194 163/684/194 162/685/194
f 155/686/195 156/687/195 164/688/195 163/689/195
f 156/690/196 157/691/196 165/692/196 164/693/196
f 157/694/197 158/695/197 166/696/197 165/697/197
f 166/698/198 158/699/198 77/700/198
f 159/701/199 167/702/199 78/703/199
f 159/704/200 160/705/200 168/706/200 167/707/200
f 160/708/201 161/709/201 169/710/201 168/711/201
f 161/712/202 162/713/202 170/714/202 169/715/202
f 162/716/203 163/717/203 171/718/203 170/719/203
f 163/720/204 164/721/204 172/722/204 171/723/204
f 164/724/205 165/725/205 173/726/205 172/727/205
f 165/728/206 166/729/206 174/730/206 173/731/206
f 174/732/207 166/733/207 77/734/207
f 167/735/208 175/736/208 78/737/208
f 167/738/209 168/739/209 176/740/209 175/741/209
f 168/742/210 169/743/210 177/744/210 176/745/210
f 169/746/211 170/747/211 178/748/211 177/749/211
f 170/750/212 171/751/212 179/752/212 178/753/212
f 171/754/213 172/755/213 180/756/213 179/757/213
f 172/758/214 173/759/214 181/760/214 180/761/214
f 173/762/215 174/763/215 182/764/215 181/765/215
f 182/766/216 174/767/216 77/768/216
f 175/769/217 183/770/217 78/771/217
f 175/772/218 176/773/218 184/774/218 183/775/218
f 176/776/219 177/777/219 185/778/219 184/779/219
f 177/780/220 178/781/220 186/782/220 185/783/220
f 178/784/221 179/785/221 187/786/221 186/787/221
f 179/788/222 180/789/222 188/790/222 187/791/222
f 180/792/223 181/793/223 189/794/223 188/795/223
f 181/796/224 182/797/224 190/798/224 189/799/224
f 190/800/225 182/801/225 77/802/225
f 183/803/226 191/804/226 78/805/226
f 183/806/227 184/807/227 192/808/227 191/809/227
f 184/810/228 185/811/228 193/812/228 192/813/228
f 185/814/229 186/815/229 194/816/229 193/817/229
f 186/818/230 187/819/230 195/820/230 194/821/230
f 187/822/231 188/823/231 196/824/231 195/825/231
f 188/826/232 189/827/232 197/828/232 196/829/232
f 189/830/233 190/831/233 198/832/233 197/833/233
f 198/834/234 190/835/234 77/836/234
f 191/837/235 199/838/235 78/839/235
f 191/840/236 192/841/236 200/842/236 199/843/236
f 192/844/237 193/845/237 201/846/237 200/847/237
f 193/848/238 194/849/238 202/850/238 201/851/238
f 194/852/239 195/853/239 203/854/239 202/855/239
f 195/856/240 196/857/240 204/858/240 203/859/240
f 196/860/241 197/861/241 205/862/241 204/863/241
f 197/864/242 198/865/242 206/866/242 205/867/242
f 206/868/243 198/869/243 77/870/243
f 199/871/244 207/872/244 78/873/244
f 199/874/245 200/875/245 208/876/245 207/877/245
f 200/878/246 201/879/246 209/880/246 208/881/246
f 201/882/247 202/883/247 210/884/247 209/885/247
f 202/886/248 203/887/248 211/888/248 210/889/248
f 203/890/249 204/891/249 212/892/249 211/893/249
f 204/894/250 205/895/250 213/896/250 212/897/250
f 205/898/251 206/899/251 214/900/251 213/901/251
f 214/902/252 206/903/252 77/904/252
f 207/905/253 215/906/253 78/907/253
f 207/908/254 208/909/254 216/910/254 215/911/254
f 208/912/255 209/913/255 217/914/255 216/915/255
f 209/916/256 210/917/256 218/918/256 217/919/256
f 210/920/257 211/921/257 219/922/257 218/923/257
f 211/924/258 212/925/258 220/926/258 219/927/258
f 212/928/259 213/929/259 221/930/259 220/931/259
f 213/932/260 214/933/260 222/934/260 221/935/260
f 222/936/261 214/937/261 77/938/261
f 215/939/262 79/940/262 78/941/262
f 215/942/263 216/943/263 80/944/263 79/945/263
f 216/946/264 217/947/264 81/948/264 80/949/264
f 217/950/265 218/951/265 82/952/265 81/953/265
f 218/954/266 219/955/266 83/956/266 82/957/266
f 219/958/267 220/959/267 84/960/267 83/961/267
f 220/962/268 221/963/268 85/964/268 84/965/268
f 221/966/269 222/967/269 86/968/269 85/969/269
f 86/970/270 222/971/270 77/972/270
o cylinder
v 0.025 -0.05271196536330536 0.03358122552167648
v 0.025 0.05271196536330536 -0.03358122552167648
v 0.117250625 0.23272845157094474 0.481632931109772
v 0.117250625 0.33815238229755545 0.41447048006641907
v 0.290625 0.19829997172935637 0.4275910428603505
v 0.290625 0.3037239024559671 0.36042859181699755
v 0.43196125 0.13359600220644532 0.3260261551179873
v 0.43196125 0.23901993293305604 0.2588637040746344
v 0.524211875 0.04642048400119404 0.18918800151346116
v 0.524211875 0.15184441472780474 0.12202555047010821
v 0.55625 -0.05271196536330536 0.03358122552167648
v 0.55625 0.05271196536330536 -0.03358122552167648
v 0.524211875 -0.15184441472780474 -0.12202555047010821
v 0.524211875 -0.04642048400119404 -0.18918800151346116
v 0.43196125 -0.23901993293305604 -0.2588637040746344
v 0.43196125 -0.13359600220644532 -0.3260261551179873
v 0.290625 -0.3037239024559671 -0.36042859181699755
v 0.290625 -0.19829997172935637 -0.4275910428603505
v 0.117250625 -0.33815238229755545 -0.41447048006641907
v 0.117250625 -0.23272845157094474 -0.481632931109772
v -0.06725062500000001 -0.33815238229755545 -0.41447048006641907
v -0.06725062500000001 -0.23272845157094474 -0.481632931109772
v -0.240625 -0.3037239024559671 -0.36042859181699755
v -0.240625 -0.19829997172935637 -0.4275910428603505
v -0.38196125 -0.23901993293305604 -0.2588637040746344
v -0.38196125 -0.13359600220644532 -0.3260261551179873
v -0.474211875 -0.15184441472780474 -0.12202555047010821
v -0.474211875 -0.04642048400119404 -0.18918800151346116
v -0.50625 -0.05271196536330536 0.03358122552167648
v -0.50625 0.05271196536330536 -0.03358122552167648
v -0.474211875 0.04642048400119404 0.18918800151346116
v -0.474211875 0.15184441472780474 0.12202555047010821
v -0.38196125 0.13359600220644532 0.3260261551179873
v -0.38196125 0.23901993293305604 0.2588637040746344
v -0.240625 0.19829997172935637 0.4275910428603505
v -0.240625 0.3037239024559671 0.36042859181699755
v -0.06725062500000001 0.23272845157094474 0.481632931109772
v -0.06725062500000001 0.33815238229755545 0.41447048006641907
vt 0.2138546875 0.9830390625
vt 0.1673328125 1
vt 0.142578125 0.859375
vt 0.6185046875 0.375
vt 0.668021875 0.375
vt 0.668021875 0.40625
vt 0.6185046875 0.40625
vt 0.3860828125 0.484375
vt 0.4326046875 0.5013359374999999
vt 0.361328125 0.625
vt 0.2517796875 0.9511609375
vt 0.2138546875 0.9830390625
vt 0.142578125 0.859375
vt 0.668021875 0.375
vt 0.7175640625 0.375
vt 0.7175640625 0.40625
vt 0.668021875 0.40625
vt 0.4326046875 0.5013359374999999
vt 0.4705296875 0.5332140624999999
vt 0.361328125 0.625
vt 0.276534375 0.9082140625
vt 0.2517796875 0.9511609375
vt 0.142578125 0.859375
vt 0.71875 0.375
vt 0.7683203125 0.375
vt 0.7683203125 0.40625
vt 0.71875 0.40625
vt 0.4705296875 0.5332140624999999
vt 0.495284375 0.5761609375000001
vt 0.361328125 0.625
vt 0.28513125 0.859375
vt 0.276534375 0.9082140625
vt 0.142578125 0.859375
vt 0.7683203125 0.375
vt 0.8179109375 0.375
vt 0.8179109375 0.40625
vt 0.7683203125 0.40625
vt 0.495284375 0.5761609375000001
vt 0.50388125 0.625
vt 0.361328125 0.625
vt 0.276534375 0.8105359375
vt 0.28513125 0.859375
vt 0.142578125 0.859375
vt 0.8179109375 0.375
vt 0.8675015625 0.375
vt 0.8675015625 0.40625
vt 0.8179109375 0.40625
vt 0.50388125 0.625
vt 0.495284375 0.6738390624999999
vt 0.361328125 0.625
vt 0.2517796875 0.7675890625
vt 0.276534375 0.8105359375
vt 0.142578125 0.859375
vt 0.8675015625 0.375
vt 0.917071875 0.375
vt 0.917071875 0.40625
vt 0.8675015625 0.40625
vt 0.495284375 0.6738390624999999
vt 0.4705296875 0.7167859375000001
vt 0.361328125 0.625
vt 0.2138546875 0.7357109374999999
vt 0.2517796875 0.7675890625
vt 0.142578125 0.859375
vt 0.0168109375 0.375
vt 0.066353125 0.375
vt 0.066353125 0.40625
vt 0.0168109375 0.40625
vt 0.4705296875 0.7167859375000001
vt 0.4326046875 0.7486640625000001
vt 0.361328125 0.625
vt 0.1673328125 0.71875
vt 0.2138546875 0.7357109374999999
vt 0.142578125 0.859375
vt 0.066353125 0.375
vt 0.1158703125 0.375
vt 0.1158703125 0.40625
vt 0.066353125 0.40625
vt 0.4326046875 0.7486640625000001
vt 0.3860828125 0.765625
vt 0.361328125 0.625
vt 0.1178234375 0.71875
vt 0.1673328125 0.71875
vt 0.142578125 0.859375
vt 0.1158703125 0.375
vt 0.1653796875 0.375
vt 0.1653796875 0.40625
vt 0.1158703125 0.40625
vt 0.3860828125 0.765625
vt 0.3365734375 0.765625
vt 0.361328125 0.625
vt 0.0713015625 0.7357109374999999
vt 0.1178234375 0.71875
vt 0.142578125 0.859375
vt 0.1653796875 0.375
vt 0.214896875 0.375
vt 0.214896875 0.40625
vt 0.1653796875 0.40625
vt 0.3365734375 0.765625
vt 0.2900515625 0.7486640625000001
vt 0.361328125 0.625
vt 0.0333765625 0.7675890625
vt 0.0713015625 0.7357109374999999
vt 0.142578125 0.859375
vt 0.214896875 0.375
vt 0.2644390625 0.375
vt 0.2644390625 0.40625
vt 0.214896875 0.40625
vt 0.2900515625 0.7486640625000001
vt 0.2521265625 0.7167859375000001
vt 0.361328125 0.625
vt 0.008621875 0.8105359375
vt 0.0333765625 0.7675890625
vt 0.142578125 0.859375
vt 0.265625 0.375
vt 0.3151953125 0.375
vt 0.3151953125 0.40625
vt 0.265625 0.40625
vt 0.2521265625 0.7167859375000001
vt 0.227371875 0.6738390624999999
vt 0.361328125 0.625
vt 0.000025 0.859375
vt 0.008621875 0.8105359375
vt 0.142578125 0.859375
vt 0.3151953125 0.375
vt 0.3647859375 0.375
vt 0.3647859375 0.40625
vt 0.3151953125 0.40625
vt 0.227371875 0.6738390624999999
vt 0.218775 0.625
vt 0.361328125 0.625
vt 0.008621875 0.9082140625
vt 0.000025 0.859375
vt 0.142578125 0.859375
vt 0.3647859375 0.375
vt 0.4143765625 0.375
vt 0.4143765625 0.40625
vt 0.3647859375 0.40625
vt 0.218775 0.625
vt 0.227371875 0.5761609375000001
vt 0.361328125 0.625
vt 0.0333765625 0.9511609375
vt 0.008621875 0.9082140625
vt 0.142578125 0.859375
vt 0.4143765625 0.375
vt 0.463946875 0.375
vt 0.463946875 0.40625
vt 0.4143765625 0.40625
vt 0.227371875 0.5761609375000001
vt 0.2521265625 0.5332140624999999
vt 0.361328125 0.625
vt 0.0713015625 0.9830390625
vt 0.0333765625 0.9511609375
vt 0.142578125 0.859375
vt 0.4699359375 0.375
vt 0.519478125 0.375
vt 0.519478125 0.40625
vt 0.4699359375 0.40625
vt 0.2521265625 0.5332140624999999
vt 0.2900515625 0.5013359374999999
vt 0.361328125 0.625
vt 0.1178234375 1
vt 0.0713015625 0.9830390625
vt 0.142578125 0.859375
vt 0.519478125 0.375
vt 0.5689953125 0.375
vt 0.5689953125 0.40625
vt 0.519478125 0.40625
vt 0.2900515625 0.5013359374999999
vt 0.3365734375 0.484375
vt 0.361328125 0.625
vt 0.1673328125 1
vt 0.1178234375 1
vt 0.142578125 0.859375
vt 0.5689953125 0.375
vt 0.6185046875 0.375
vt 0.6185046875 0.40625
vt 0.5689953125 0.40625
vt 0.3365734375 0.484375
vt 0.3860828125 0.484375
vt 0.361328125 0.625
vn 0 -0.8433914458128859 0.5372996083468238
vn 0.3466679263798619 0.5039805451299869 0.7910909928383512
vn 0 0.8433914458128859 -0.5372996083468238
vn 0 -0.8433914458128859 0.5372996083468238
vn 0.6485501806494688 0.408977364400468 0.6419658702669391
vn 0 0.8433914458128859 -0.5372996083468238
vn 0 -0.8433914458128859 0.5372996083468238
vn 0.8693079777460241 0.26557151600506373 0.41686377836637545
vn 0 0.8433914458128859 -0.5372996083468238
vn 0 -0.8433914458128859 0.5372996083468238
vn 0.9852559371010163 0.09192494172334707 0.1442932552005038
vn 0 0.8433914458128859 -0.5372996083468238
vn 0 -0.8433914458128859 0.5372996083468238
vn 0.9852559371010163 -0.09192494172334707 -0.1442932552005038
vn 0 0.8433914458128859 -0.5372996083468238
vn 0 -0.8433914458128859 0.5372996083468238
vn 0.8693079777460241 -0.26557151600506373 -0.41686377836637545
vn 0 0.8433914458128859 -0.5372996083468238
vn 0 -0.8433914458128859 0.5372996083468238
vn 0.6485501806494688 -0.408977364400468 -0.6419658702669391
vn 0 0.8433914458128859 -0.5372996083468238
vn 0 -0.8433914458128859 0.5372996083468238
vn 0.3466679263798619 -0.5039805451299869 -0.7910909928383512
vn 0 0.8433914458128859 -0.5372996083468238
vn 0 -0.8433914458128859 0.5372996083468238
vn 0 -0.5372996083468238 -0.8433914458128859
vn 0 0.8433914458128859 -0.5372996083468238
vn 0 -0.8433914458128859 0.5372996083468238
vn -0.3466679263798619 -0.5039805451299869 -0.7910909928383512
vn 0 0.8433914458128859 -0.5372996083468238
vn 0 -0.8433914458128859 0.5372996083468238
vn -0.6485501806494688 -0.408977364400468 -0.6419658702669391
vn 0 0.8433914458128859 -0.5372996083468238
vn 0 -0.8433914458128859 0.5372996083468238
vn -0.8693079777460241 -0.26557151600506373 -0.41686377836637545
vn 0 0.8433914458128859 -0.5372996083468238
vn 0 -0.8433914458128859 0.5372996083468238
vn -0.9852559371010163 -0.09192494172334707 -0.1442932552005038
vn 0 0.8433914458128859 -0.5372996083468238
vn 0 -0.8433914458128859 0.5372996083468238
vn -0.9852559371010163 0.09192494172334707 0.1442932552005038
vn 0 0.8433914458128859 -0.5372996083468238
vn 0 -0.8433914458128859 0.5372996083468238
vn -0.8693079777460241 0.26557151600506373 0.41686377836637545
vn 0 0.8433914458128859 -0.5372996083468238
vn 0 -0.8433914458128859 0.5372996083468238
vn -0.6485501806494688 0.408977364400468 0.6419658702669391
vn 0 0.8433914458128859 -0.5372996083468238
vn 0 -0.8433914458128859 0.5372996083468238
vn -0.3466679263798619 0.5039805451299869 0.7910909928383512
vn 0 0.8433914458128859 -0.5372996083468238
vn 0 -0.8433914458128859 0.5372996083468238
vn 0 0.5372996083468238 0.8433914458128859
vn 0 0.8433914458128859 -0.5372996083468238
usemtl m_664d2008-a804-81ce-e447-b8f3e41a67fd
f 227/973/271 225/974/271 223/975/271
f 225/976/272 227/977/272 228/978/272 226/979/272
f 226/980/273 228/981/273 224/982/273
f 229/983/274 227/984/274 223/985/274
f 227/986/275 229/987/275 230/988/275 228/989/275
f 228/990/276 230/991/276 224/992/276
f 231/993/277 229/994/277 223/995/277
f 229/996/278 231/997/278 232/998/278 230/999/278
f 230/1000/279 232/1001/279 224/1002/279
f 233/1003/280 231/1004/280 223/1005/280
f 231/1006/281 233/1007/281 234/1008/281 232/1009/281
f 232/1010/282 234/1011/282 224/1012/282
f 235/1013/283 233/1014/283 223/1015/283
f 233/1016/284 235/1017/284 236/1018/284 234/1019/284
f 234/1020/285 236/1021/285 224/1022/285
f 237/1023/286 235/1024/286 223/1025/286
f 235/1026/287 237/1027/287 238/1028/287 236/1029/287
f 236/1030/288 238/1031/288 224/1032/288
f 239/1033/289 237/1034/289 223/1035/289
f 237/1036/290 239/1037/290 240/1038/290 238/1039/290
f 238/1040/291 240/1041/291 224/1042/291
f 241/1043/292 239/1044/292 223/1045/292
f 239/1046/293 241/1047/293 242/1048/293 240/1049/293
f 240/1050/294 242/1051/294 224/1052/294
f 243/1053/295 241/1054/295 223/1055/295
f 241/1056/296 243/1057/296 244/1058/296 242/1059/296
f 242/1060/297 244/1061/297 224/1062/297
f 245/1063/298 243/1064/298 223/1065/298
f 243/1066/299 245/1067/299 246/1068/299 244/1069/299
f 244/1070/300 246/1071/300 224/1072/300
f 247/1073/301 245/1074/301 223/1075/301
f 245/1076/302 247/1077/302 248/1078/302 246/1079/302
f 246/1080/303 248/1081/303 224/1082/303
f 249/1083/304 247/1084/304 223/1085/304
f 247/1086/305 249/1087/305 250/1088/305 248/1089/305
f 248/1090/306 250/1091/306 224/1092/306
f 251/1093/307 249/1094/307 223/1095/307
f 249/1096/308 251/1097/308 252/1098/308 250/1099/308
f 250/1100/309 252/1101/309 224/1102/309
f 253/1103/310 251/1104/310 223/1105/310
f 251/1106/311 253/1107/311 254/1108/311 252/1109/311
f 252/1110/312 254/1111/312 224/1112/312
f 255/1113/313 253/1114/313 223/1115/313
f 253/1116/314 255/1117/314 256/1118/314 254/1119/314
f 254/1120/315 256/1121/315 224/1122/315
f 257/1123/316 255/1124/316 223/1125/316
f 255/1126/317 257/1127/317 258/1128/317 256/1129/317
f 256/1130/318 258/1131/318 224/1132/318
f 259/1133/319 257/1134/319 223/1135/319
f 257/1136/320 259/1137/320 260/1138/320 258/1139/320
f 258/1140/321 260/1141/321 224/1142/321
f 225/1143/322 259/1144/322 223/1145/322
f 259/1146/323 225/1147/323 226/1148/323 260/1149/323
f 260/1150/324 226/1151/324 224/1152/324
o cylinder
v -0.007977161783661063 -0.11476429411229905 0.008392102294324234
v 0.007977161783661063 0.06857031748673473 -0.02752627391257873
v 0.14721088936121957 -0.034766163795226006 0.4856504959736729
v 0.1631652129285417 0.14856844780380776 0.4497321197667699
v 0.3080189081356659 -0.06404963618120005 0.40760991707168615
v 0.3239732317029881 0.11928497541783373 0.3716915408647832
v 0.43071311307536086 -0.09944998789619791 0.28141805749023885
v 0.44666743664268294 0.08388462370283589 0.24549968128333588
v 0.5004942986135965 -0.1366974693404907 0.12229502537653003
v 0.5164486221809186 0.04663714225854306 0.08637664916962706
v 0.5089468838819329 -0.17129951821748196 -0.05056629427993311
v 0.524901207449255 0.012035093381551835 -0.08648467048683608
v 0.4550506042122782 -0.19908256325526424 -0.21631633881620782
v 0.4710049277796003 -0.01574795165623046 -0.2522347150231108
v 0.34530686480865935 -0.21669566717512723 -0.3549634387142717
v 0.3612611883759814 -0.033361055576093444 -0.3908818149211747
v 0.19295143130254935 -0.22201424366614442 -0.44978417946874816
v 0.20890575486987153 -0.038679632067110635 -0.4857025556756511
v 0.016360946693199846 -0.21439693698892887 -0.48934236442357554
v 0.03231527026052197 -0.031062325389895083 -0.5252607406304786
v -0.1631652129285417 -0.1947624244293721 -0.4688662913850244
v -0.14721088936121957 -0.011427812830338328 -0.5047846675919274
v -0.3239732317029881 -0.16547895204339808 -0.39082571248303766
v -0.3080189081356659 0.017855659555635707 -0.4267440886899406
v -0.44666743664268294 -0.1300786003284002 -0.26463385290159036
v -0.43071311307536086 0.05325601127063357 -0.30055222910849333
v -0.5164486221809186 -0.09283111888410739 -0.10551082078788157
v -0.5004942986135965 0.09050349271492639 -0.1414291969947845
v -0.524901207449255 -0.05822907000711617 0.06735049886858158
v -0.5089468838819329 0.1251055415919176 0.031432122661678615
v -0.4710049277796003 -0.030446024969333876 0.2331005434048563
v -0.4550506042122782 0.1528885866296999 0.19718216719795334
v -0.3612611883759814 -0.01283292104947089 0.3717476433029202
v -0.34530686480865935 0.17050169054956288 0.33582926709601724
v -0.20890575486987153 -0.007514344558453699 0.46656838405739665
v -0.19295143130254935 0.17582026704058007 0.4306500078504937
v -0.03231527026052197 -0.015131651235669251 0.5061265690122241
v -0.016360946693199846 0.16820296036336452 0.47020819280532106
vt 0.2138546875 0.9830390625
vt 0.1673328125 1
vt 0.142578125 0.859375
vt 0.1810046875 0.375
vt 0.230521875 0.375
vt 0.230521875 0.40625
vt 0.1810046875 0.40625
vt 0.3860828125 0.484375
vt 0.4326046875 0.5013359374999999
vt 0.361328125 0.625
vt 0.2517796875 0.9511609375
vt 0.2138546875 0.9830390625
vt 0.142578125 0.859375
vt 0.230521875 0.375
vt 0.2800640625 0.375
vt 0.2800640625 0.40625
vt 0.230521875 0.40625
vt 0.4326046875 0.5013359374999999
vt 0.4705296875 0.5332140624999999
vt 0.361328125 0.625
vt 0.276534375 0.9082140625
vt 0.2517796875 0.9511609375
vt 0.142578125 0.859375
vt 0.28125 0.375
vt 0.3308203125 0.375
vt 0.3308203125 0.40625
vt 0.28125 0.40625
vt 0.4705296875 0.5332140624999999
vt 0.495284375 0.5761609375000001
vt 0.361328125 0.625
vt 0.28513125 0.859375
vt 0.276534375 0.9082140625
vt 0.142578125 0.859375
vt 0.3308203125 0.375
vt 0.3804109375 0.375
vt 0.3804109375 0.40625
vt 0.3308203125 0.40625
vt 0.495284375 0.5761609375000001
vt 0.50388125 0.625
vt 0.361328125 0.625
vt 0.276534375 0.8105359375
vt 0.28513125 0.859375
vt 0.142578125 0.859375
vt 0.3804109375 0.375
vt 0.4300015625 0.375
vt 0.4300015625 0.40625
vt 0.3804109375 0.40625
vt 0.50388125 0.625
vt 0.495284375 0.6738390624999999
vt 0.361328125 0.625
vt 0.2517796875 0.7675890625
vt 0.276534375 0.8105359375
vt 0.142578125 0.859375
vt 0.4300015625 0.375
vt 0.479571875 0.375
vt 0.479571875 0.40625
vt 0.4300015625 0.40625
vt 0.495284375 0.6738390624999999
vt 0.4705296875 0.7167859375000001
vt 0.361328125 0.625
vt 0.2138546875 0.7357109374999999
vt 0.2517796875 0.7675890625
vt 0.142578125 0.859375
vt 0.4855609375 0.375
vt 0.535103125 0.375
vt 0.535103125 0.40625
vt 0.4855609375 0.40625
vt 0.4705296875 0.7167859375000001
vt 0.4326046875 0.7486640625000001
vt 0.361328125 0.625
vt 0.1673328125 0.71875
vt 0.2138546875 0.7357109374999999
vt 0.142578125 0.859375
vt 0.535103125 0.375
vt 0.5846203125 0.375
vt 0.5846203125 0.40625
vt 0.535103125 0.40625
vt 0.4326046875 0.7486640625000001
vt 0.3860828125 0.765625
vt 0.361328125 0.625
vt 0.1178234375 0.71875
vt 0.1673328125 0.71875
vt 0.142578125 0.859375
vt 0.5846203125 0.375
vt 0.6341296875 0.375
vt 0.6341296875 0.40625
vt 0.5846203125 0.40625
vt 0.3860828125 0.765625
vt 0.3365734375 0.765625
vt 0.361328125 0.625
vt 0.0713015625 0.7357109374999999
vt 0.1178234375 0.71875
vt 0.142578125 0.859375
vt 0.6341296875 0.375
vt 0.683646875 0.375
vt 0.683646875 0.40625
vt 0.6341296875 0.40625
vt 0.3365734375 0.765625
vt 0.2900515625 0.7486640625000001
vt 0.361328125 0.625
vt 0.0333765625 0.7675890625
vt 0.0713015625 0.7357109374999999
vt 0.142578125 0.859375
vt 0.683646875 0.375
vt 0.7331890625 0.375
vt 0.7331890625 0.40625
vt 0.683646875 0.40625
vt 0.2900515625 0.7486640625000001
vt 0.2521265625 0.7167859375000001
vt 0.361328125 0.625
vt 0.008621875 0.8105359375
vt 0.0333765625 0.7675890625
vt 0.142578125 0.859375
vt 0.734375 0.375
vt 0.7839453125 0.375
vt 0.7839453125 0.40625
vt 0.734375 0.40625
vt 0.2521265625 0.7167859375000001
vt 0.227371875 0.6738390624999999
vt 0.361328125 0.625
vt 0.000025 0.859375
vt 0.008621875 0.8105359375
vt 0.142578125 0.859375
vt 0.7839453125 0.375
vt 0.8335359375 0.375
vt 0.8335359375 0.40625
vt 0.7839453125 0.40625
vt 0.227371875 0.6738390624999999
vt 0.218775 0.625
vt 0.361328125 0.625
vt 0.008621875 0.9082140625
vt 0.000025 0.859375
vt 0.142578125 0.859375
vt 0.8335359375 0.375
vt 0.8831265625 0.375
vt 0.8831265625 0.40625
vt 0.8335359375 0.40625
vt 0.218775 0.625
vt 0.227371875 0.5761609375000001
vt 0.361328125 0.625
vt 0.0333765625 0.9511609375
vt 0.008621875 0.9082140625
vt 0.142578125 0.859375
vt 0.8831265625 0.375
vt 0.932696875 0.375
vt 0.932696875 0.40625
vt 0.8831265625 0.40625
vt 0.227371875 0.5761609375000001
vt 0.2521265625 0.5332140624999999
vt 0.361328125 0.625
vt 0.0713015625 0.9830390625
vt 0.0333765625 0.9511609375
vt 0.142578125 0.859375
vt 0.0324359375 0.375
vt 0.081978125 0.375
vt 0.081978125 0.40625
vt 0.0324359375 0.40625
vt 0.2521265625 0.5332140624999999
vt 0.2900515625 0.5013359374999999
vt 0.361328125 0.625
vt 0.1178234375 1
vt 0.0713015625 0.9830390625
vt 0.142578125 0.859375
vt 0.081978125 0.375
vt 0.1314953125 0.375
vt 0.1314953125 0.40625
vt 0.081978125 0.40625
vt 0.2900515625 0.5013359374999999
vt 0.3365734375 0.484375
vt 0.361328125 0.625
vt 0.1673328125 1
vt 0.1178234375 1
vt 0.142578125 0.859375
vt 0.1314953125 0.375
vt 0.1810046875 0.375
vt 0.1810046875 0.40625
vt 0.1314953125 0.40625
vt 0.3365734375 0.484375
vt 0.3860828125 0.484375
vt 0.361328125 0.625
vn -0.0850897256923847 -0.9777845951948471 0.19156467310348246
vn 0.4522597497230748 0.13341276408195638 0.8818515482553932
vn 0.0850897256923847 0.9777845951948471 -0.19156467310348246
vn -0.0850897256923847 -0.9777845951948471 0.19156467310348246
vn 0.725054700496089 0.07110879458481593 0.6850103799368454
vn 0.0850897256923847 0.9777845951948471 -0.19156467310348246
vn -0.0850897256923847 -0.9777845951948471 0.19156467310348246
vn 0.9157247252671005 -0.0009686333365323682 0.40180503889816155
vn 0.0850897256923847 0.9777845951948471 -0.19156467310348246
vn -0.0850897256923847 -0.9777845951948471 0.19156467310348246
vn 0.9952216359984272 -0.0741644401572729 0.06351008626015711
vn 0.0850897256923847 0.9777845951948471 -0.19156467310348246
vn -0.0850897256923847 -0.9777845951948471 0.19156467310348246
vn 0.9484233217658418 -0.13840915588549582 -0.2851948602231663
vn 0.0850897256923847 0.9777845951948471 -0.19156467310348246
vn -0.0850897256923847 -0.9777845951948471 0.19156467310348246
vn 0.7818899447611026 -0.18469699127319664 -0.5954285311404796
vn 0.0850897256923847 0.9777845951948471 -0.19156467310348246
vn -0.0850897256923847 -0.9777845951948471 0.19156467310348246
vn 0.5220993935464491 -0.20750820720955582 -0.8272560469401877
vn 0.0850897256923847 0.9777845951948471 -0.19156467310348246
vn -0.0850897256923847 -0.9777845951948471 0.19156467310348246
vn 0.20549189358659362 -0.20535009582705516 -0.9568722066263684
vn 0.0850897256923847 0.9777845951948471 -0.19156467310348246
vn -0.0850897256923847 -0.9777845951948471 0.19156467310348246
vn -0.13084994266801975 -0.1796307731937029 -0.9749928603972484
vn 0.0850897256923847 0.9777845951948471 -0.19156467310348246
vn -0.0850897256923847 -0.9777845951948471 0.19156467310348246
vn -0.4522597497230748 -0.13341276408195638 -0.8818515482553932
vn 0.0850897256923847 0.9777845951948471 -0.19156467310348246
vn -0.0850897256923847 -0.9777845951948471 0.19156467310348246
vn -0.725054700496089 -0.07110879458481593 -0.6850103799368454
vn 0.0850897256923847 0.9777845951948471 -0.19156467310348246
vn -0.0850897256923847 -0.9777845951948471 0.19156467310348246
vn -0.9157247252671005 0.0009686333365323682 -0.40180503889816155
vn 0.0850897256923847 0.9777845951948471 -0.19156467310348246
vn -0.0850897256923847 -0.9777845951948471 0.19156467310348246
vn -0.9952216359984272 0.0741644401572729 -0.06351008626015711
vn 0.0850897256923847 0.9777845951948471 -0.19156467310348246
vn -0.0850897256923847 -0.9777845951948471 0.19156467310348246
vn -0.9484233217658418 0.13840915588549582 0.2851948602231663
vn 0.0850897256923847 0.9777845951948471 -0.19156467310348246
vn -0.0850897256923847 -0.9777845951948471 0.19156467310348246
vn -0.7818899447611026 0.18469699127319664 0.5954285311404796
vn 0.0850897256923847 0.9777845951948471 -0.19156467310348246
vn -0.0850897256923847 -0.9777845951948471 0.19156467310348246
vn -0.5220993935464491 0.20750820720955582 0.8272560469401877
vn 0.0850897256923847 0.9777845951948471 -0.19156467310348246
vn -0.0850897256923847 -0.9777845951948471 0.19156467310348246
vn -0.20549189358659362 0.20535009582705516 0.9568722066263684
vn 0.0850897256923847 0.9777845951948471 -0.19156467310348246
vn -0.0850897256923847 -0.9777845951948471 0.19156467310348246
vn 0.13084994266801975 0.1796307731937029 0.9749928603972484
vn 0.0850897256923847 0.9777845951948471 -0.19156467310348246
usemtl m_e058fce8-0043-d235-134a-03cef65e020c
f 265/1153/325 263/1154/325 261/1155/325
f 263/1156/326 265/1157/326 266/1158/326 264/1159/326
f 264/1160/327 266/1161/327 262/1162/327
f 267/1163/328 265/1164/328 261/1165/328
f 265/1166/329 267/1167/329 268/1168/329 266/1169/329
f 266/1170/330 268/1171/330 262/1172/330
f 269/1173/331 267/1174/331 261/1175/331
f 267/1176/332 269/1177/332 270/1178/332 268/1179/332
f 268/1180/333 270/1181/333 262/1182/333
f 271/1183/334 269/1184/334 261/1185/334
f 269/1186/335 271/1187/335 272/1188/335 270/1189/335
f 270/1190/336 272/1191/336 262/1192/336
f 273/1193/337 271/1194/337 261/1195/337
f 271/1196/338 273/1197/338 274/1198/338 272/1199/338
f 272/1200/339 274/1201/339 262/1202/339
f 275/1203/340 273/1204/340 261/1205/340
f 273/1206/341 275/1207/341 276/1208/341 274/1209/341
f 274/1210/342 276/1211/342 262/1212/342
f 277/1213/343 275/1214/343 261/1215/343
f 275/1216/344 277/1217/344 278/1218/344 276/1219/344
f 276/1220/345 278/1221/345 262/1222/345
f 279/1223/346 277/1224/346 261/1225/346
f 277/1226/347 279/1227/347 280/1228/347 278/1229/347
f 278/1230/348 280/1231/348 262/1232/348
f 281/1233/349 279/1234/349 261/1235/349
f 279/1236/350 281/1237/350 282/1238/350 280/1239/350
f 280/1240/351 282/1241/351 262/1242/351
f 283/1243/352 281/1244/352 261/1245/352
f 281/1246/353 283/1247/353 284/1248/353 282/1249/353
f 282/1250/354 284/1251/354 262/1252/354
f 285/1253/355 283/1254/355 261/1255/355
f 283/1256/356 285/1257/356 286/1258/356 284/1259/356
f 284/1260/357 286/1261/357 262/1262/357
f 287/1263/358 285/1264/358 261/1265/358
f 285/1266/359 287/1267/359 288/1268/359 286/1269/359
f 286/1270/360 288/1271/360 262/1272/360
f 289/1273/361 287/1274/361 261/1275/361
f 287/1276/362 289/1277/362 290/1278/362 288/1279/362
f 288/1280/363 290/1281/363 262/1282/363
f 291/1283/364 289/1284/364 261/1285/364
f 289/1286/365 291/1287/365 292/1288/365 290/1289/365
f 290/1290/366 292/1291/366 262/1292/366
f 293/1293/367 291/1294/367 261/1295/367
f 291/1296/368 293/1297/368 294/1298/368 292/1299/368
f 292/1300/369 294/1301/369 262/1302/369
f 295/1303/370 293/1304/370 261/1305/370
f 293/1306/371 295/1307/371 296/1308/371 294/1309/371
f 294/1310/372 296/1311/372 262/1312/372
f 297/1313/373 295/1314/373 261/1315/373
f 295/1316/374 297/1317/374 298/1318/374 296/1319/374
f 296/1320/375 298/1321/375 262/1322/375
f 263/1323/376 297/1324/376 261/1325/376
f 297/1326/377 263/1327/377 264/1328/377 298/1329/377
f 298/1330/378 264/1331/378 262/1332/378
o cylinder
v -0.0047053501108472034 -0.05143515579782815 0.043168674156006864
v 0.04800662079772103 0.026814963564895457 -0.03882746564736292
v 0.1655268130573188 0.15948761833193864 0.3538906806515734
v 0.21823878396588706 0.23773773769466225 0.27189454084820364
v 0.2671811682562708 0.0645741425547736 0.3286627930988387
v 0.3198931391648391 0.1428242619174972 0.24666665329546894
v 0.3360419530459756 -0.04433155445574473 0.2690002758448677
v 0.3887539239545439 0.03391856490697889 0.1870041360414979
v 0.36380347019660586 -0.15409367546894334 0.18209941925022685
v 0.41651544110517413 -0.07584355610621968 0.10010327944685707
v 0.3471174742200026 -0.25147421769040623 0.07844099328873892
v 0.3998294451285709 -0.17322409832768268 -0.003555146514630861
v 0.2879962329702629 -0.32472697152359514 -0.029471817011220064
v 0.34070820387883116 -0.24647685216087153 -0.11146795681458985
v 0.1935713070284399 -0.3650164495987101 -0.1286225872453397
v 0.24628327793700813 -0.28676633023598647 -0.2106187270487095
v 0.07523095585288461 -0.367483516043008 -0.20705312565409295
v 0.12794292676145283 -0.2892333966802844 -0.28904926545746273
v -0.05275107018655984 -0.3318305728656786 -0.25530341870008094
v -0.00003909927799159579 -0.253580453502955 -0.3372995585034507
v -0.17493751327901322 -0.26235792992759494 -0.2675533323395597
v -0.12222554237044497 -0.18410781056487135 -0.3495494721429295
v -0.27659186847796524 -0.1674444541504299 -0.242325444786825
v -0.223879897569397 -0.08919433478770629 -0.3243215845901948
v -0.34545265326767005 -0.05853875713991158 -0.18266292753285396
v -0.2927406823591018 0.01971136222281204 -0.26465906733622374
v -0.3732141704183003 0.05122336387328699 -0.09576207093821312
v -0.320502199509732 0.12947348323601063 -0.1777582107415829
v -0.35652817444169704 0.14860390609474997 0.007896355023274806
v -0.30381620353312877 0.22685402545747355 -0.07409978478009498
v -0.2974069331919573 0.22185665992793882 0.11580916532323379
v -0.24469496228338905 0.3001067792906625 0.03381302551986401
v -0.2029820072501343 0.2621461380030538 0.21495993555735343
v -0.15027003634156605 0.34039625736577744 0.13296379575398365
v -0.08464165607457899 0.26461320444735176 0.2933904739661067
v -0.03192968516601078 0.34286332381007534 0.2113943341627369
v 0.04334036996486542 0.2289602612700223 0.34164076701209467
v 0.09605234087343367 0.3072103806327459 0.2596446272087249
vt 0.2138546875 0.9830390625
vt 0.1673328125 1
vt 0.142578125 0.859375
vt 0.6185046875 0.375
vt 0.668021875 0.375
vt 0.668021875 0.40625
vt 0.6185046875 0.40625
vt 0.3860828125 0.484375
vt 0.4326046875 0.5013359374999999
vt 0.361328125 0.625
vt 0.2517796875 0.9511609375
vt 0.2138546875 0.9830390625
vt 0.142578125 0.859375
vt 0.668021875 0.375
vt 0.7175640625 0.375
vt 0.7175640625 0.40625
vt 0.668021875 0.40625
vt 0.4326046875 0.5013359374999999
vt 0.4705296875 0.5332140624999999
vt 0.361328125 0.625
vt 0.276534375 0.9082140625
vt 0.2517796875 0.9511609375
vt 0.142578125 0.859375
vt 0.71875 0.375
vt 0.7683203125 0.375
vt 0.7683203125 0.40625
vt 0.71875 0.40625
vt 0.4705296875 0.5332140624999999
vt 0.495284375 0.5761609375000001
vt 0.361328125 0.625
vt 0.28513125 0.859375
vt 0.276534375 0.9082140625
vt 0.142578125 0.859375
vt 0.7683203125 0.375
vt 0.8179109375 0.375
vt 0.8179109375 0.40625
vt 0.7683203125 0.40625
vt 0.495284375 0.5761609375000001
vt 0.50388125 0.625
vt 0.361328125 0.625
vt 0.276534375 0.8105359375
vt 0.28513125 0.859375
vt 0.142578125 0.859375
vt 0.8179109375 0.375
vt 0.8675015625 0.375
vt 0.8675015625 0.40625
vt 0.8179109375 0.40625
vt 0.50388125 0.625
vt 0.495284375 0.6738390624999999
vt 0.361328125 0.625
vt 0.2517796875 0.7675890625
vt 0.276534375 0.8105359375
vt 0.142578125 0.859375
vt 0.8675015625 0.375
vt 0.917071875 0.375
vt 0.917071875 0.40625
vt 0.8675015625 0.40625
vt 0.495284375 0.6738390624999999
vt 0.4705296875 0.7167859375000001
vt 0.361328125 0.625
vt 0.2138546875 0.7357109374999999
vt 0.2517796875 0.7675890625
vt 0.142578125 0.859375
vt 0.0168109375 0.375
vt 0.066353125 0.375
vt 0.066353125 0.40625
vt 0.0168109375 0.40625
vt 0.4705296875 0.7167859375000001
vt 0.4326046875 0.7486640625000001
vt 0.361328125 0.625
vt 0.1673328125 0.71875
vt 0.2138546875 0.7357109374999999
vt 0.142578125 0.859375
vt 0.066353125 0.375
vt 0.1158703125 0.375
vt 0.1158703125 0.40625
vt 0.066353125 0.40625
vt 0.4326046875 0.7486640625000001
vt 0.3860828125 0.765625
vt 0.361328125 0.625
vt 0.1178234375 0.71875
vt 0.1673328125 0.71875
vt 0.142578125 0.859375
vt 0.1158703125 0.375
vt 0.1653796875 0.375
vt 0.1653796875 0.40625
vt 0.1158703125 0.40625
vt 0.3860828125 0.765625
vt 0.3365734375 0.765625
vt 0.361328125 0.625
vt 0.0713015625 0.7357109374999999
vt 0.1178234375 0.71875
vt 0.142578125 0.859375
vt 0.1653796875 0.375
vt 0.214896875 0.375
vt 0.214896875 0.40625
vt 0.1653796875 0.40625
vt 0.3365734375 0.765625
vt 0.2900515625 0.7486640625000001
vt 0.361328125 0.625
vt 0.0333765625 0.7675890625
vt 0.0713015625 0.7357109374999999
vt 0.142578125 0.859375
vt 0.214896875 0.375
vt 0.2644390625 0.375
vt 0.2644390625 0.40625
vt 0.214896875 0.40625
vt 0.2900515625 0.7486640625000001
vt 0.2521265625 0.7167859375000001
vt 0.361328125 0.625
vt 0.008621875 0.8105359375
vt 0.0333765625 0.7675890625
vt 0.142578125 0.859375
vt 0.265625 0.375
vt 0.3151953125 0.375
vt 0.3151953125 0.40625
vt 0.265625 0.40625
vt 0.2521265625 0.7167859375000001
vt 0.227371875 0.6738390624999999
vt 0.361328125 0.625
vt 0.000025 0.859375
vt 0.008621875 0.8105359375
vt 0.142578125 0.859375
vt 0.3151953125 0.375
vt 0.3647859375 0.375
vt 0.3647859375 0.40625
vt 0.3151953125 0.40625
vt 0.227371875 0.6738390624999999
vt 0.218775 0.625
vt 0.361328125 0.625
vt 0.008621875 0.9082140625
vt 0.000025 0.859375
vt 0.142578125 0.859375
vt 0.3647859375 0.375
vt 0.4143765625 0.375
vt 0.4143765625 0.40625
vt 0.3647859375 0.40625
vt 0.218775 0.625
vt 0.227371875 0.5761609375000001
vt 0.361328125 0.625
vt 0.0333765625 0.9511609375
vt 0.008621875 0.9082140625
vt 0.142578125 0.859375
vt 0.4143765625 0.375
vt 0.463946875 0.375
vt 0.463946875 0.40625
vt 0.4143765625 0.40625
vt 0.227371875 0.5761609375000001
vt 0.2521265625 0.5332140624999999
vt 0.361328125 0.625
vt 0.0713015625 0.9830390625
vt 0.0333765625 0.9511609375
vt 0.142578125 0.859375
vt 0.4699359375 0.375
vt 0.519478125 0.375
vt 0.519478125 0.40625
vt 0.4699359375 0.40625
vt 0.2521265625 0.5332140624999999
vt 0.2900515625 0.5013359374999999
vt 0.361328125 0.625
vt 0.1178234375 1
vt 0.0713015625 0.9830390625
vt 0.142578125 0.859375
vt 0.519478125 0.375
vt 0.5689953125 0.375
vt 0.5689953125 0.40625
vt 0.519478125 0.40625
vt 0.2900515625 0.5013359374999999
vt 0.3365734375 0.484375
vt 0.361328125 0.625
vt 0.1673328125 1
vt 0.1178234375 1
vt 0.142578125 0.859375
vt 0.5689953125 0.375
vt 0.6185046875 0.375
vt 0.6185046875 0.40625
vt 0.5689953125 0.40625
vt 0.3365734375 0.484375
vt 0.3860828125 0.484375
vt 0.361328125 0.625
vn -0.42169576726854596 -0.626000954901789 0.6559691184269584
vn 0.5522131978946568 0.39650023327860895 0.7333813121977988
vn 0.42169576726854596 0.626000954901789 -0.6559691184269584
vn -0.42169576726854596 -0.626000954901789 0.6559691184269584
vn 0.7661500070463008 0.14093078932097902 0.6270188827494108
vn 0.42169576726854596 0.626000954901789 -0.6559691184269584
vn -0.42169576726854596 -0.626000954901789 0.6559691184269584
vn 0.8856285225039994 -0.12916542187703992 0.4460699652730603
vn 0.42169576726854596 0.626000954901789 -0.6559691184269584
vn -0.42169576726854596 -0.626000954901789 0.6559691184269584
vn 0.899219314753751 -0.3816866063562343 0.21382225913607728
vn 0.42169576726854596 0.626000954901789 -0.6559691184269584
vn -0.42169576726854596 -0.626000954901789 0.6559691184269584
vn 0.807293586755917 -0.5886007551156758 -0.04273424692238093
vn 0.42169576726854596 0.626000954901789 -0.6559691184269584
vn -0.42169576726854596 -0.626000954901789 0.6559691184269584
vn 0.620057139915902 -0.7269357932400932 -0.2951160716492892
vn 0.42169576726854596 0.626000954901789 -0.6559691184269584
vn -0.42169576726854596 -0.626000954901789 0.6559691184269584
vn 0.3571731307193078 -0.779628710947424 -0.5143990938547873
vn 0.42169576726854596 0.626000954901789 -0.6559691184269584
vn -0.42169576726854596 -0.626000954901789 0.6559691184269584
vn 0.04823278825895859 -0.737901198425716 -0.6731830505134979
vn 0.42169576726854596 0.626000954901789 -0.6559691184269584
vn -0.42169576726854596 -0.626000954901789 0.6559691184269584
vn -0.26864970245400455 -0.6046993122432213 -0.74977735304819
vn 0.42169576726854596 0.626000954901789 -0.6559691184269584
vn -0.42169576726854596 -0.626000954901789 0.6559691184269584
vn -0.5522131978946568 -0.39650023327860895 -0.7333813121977988
vn 0.42169576726854596 0.626000954901789 -0.6559691184269584
vn -0.42169576726854596 -0.626000954901789 0.6559691184269584
vn -0.7661500070463008 -0.14093078932097902 -0.6270188827494108
vn 0.42169576726854596 0.626000954901789 -0.6559691184269584
vn -0.42169576726854596 -0.626000954901789 0.6559691184269584
vn -0.8856285225039994 0.12916542187703992 -0.4460699652730603
vn 0.42169576726854596 0.626000954901789 -0.6559691184269584
vn -0.42169576726854596 -0.626000954901789 0.6559691184269584
vn -0.899219314753751 0.3816866063562343 -0.21382225913607728
vn 0.42169576726854596 0.626000954901789 -0.6559691184269584
vn -0.42169576726854596 -0.626000954901789 0.6559691184269584
vn -0.807293586755917 0.5886007551156758 0.04273424692238093
vn 0.42169576726854596 0.626000954901789 -0.6559691184269584
vn -0.42169576726854596 -0.626000954901789 0.6559691184269584
vn -0.620057139915902 0.7269357932400932 0.2951160716492892
vn 0.42169576726854596 0.626000954901789 -0.6559691184269584
vn -0.42169576726854596 -0.626000954901789 0.6559691184269584
vn -0.3571731307193078 0.779628710947424 0.5143990938547873
vn 0.42169576726854596 0.626000954901789 -0.6559691184269584
vn -0.42169576726854596 -0.626000954901789 0.6559691184269584
vn -0.04823278825895859 0.737901198425716 0.6731830505134979
vn 0.42169576726854596 0.626000954901789 -0.6559691184269584
vn -0.42169576726854596 -0.626000954901789 0.6559691184269584
vn 0.26864970245400455 0.6046993122432213 0.74977735304819
vn 0.42169576726854596 0.626000954901789 -0.6559691184269584
usemtl m_664d2008-a804-81ce-e447-b8f3e41a67fd
f 303/1333/379 301/1334/379 299/1335/379
f 301/1336/380 303/1337/380 304/1338/380 302/1339/380
f 302/1340/381 304/1341/381 300/1342/381
f 305/1343/382 303/1344/382 299/1345/382
f 303/1346/383 305/1347/383 306/1348/383 304/1349/383
f 304/1350/384 306/1351/384 300/1352/384
f 307/1353/385 305/1354/385 299/1355/385
f 305/1356/386 307/1357/386 308/1358/386 306/1359/386
f 306/1360/387 308/1361/387 300/1362/387
f 309/1363/388 307/1364/388 299/1365/388
f 307/1366/389 309/1367/389 310/1368/389 308/1369/389
f 308/1370/390 310/1371/390 300/1372/390
f 311/1373/391 309/1374/391 299/1375/391
f 309/1376/392 311/1377/392 312/1378/392 310/1379/392
f 310/1380/393 312/1381/393 300/1382/393
f 313/1383/394 311/1384/394 299/1385/394
f 311/1386/395 313/1387/395 314/1388/395 312/1389/395
f 312/1390/396 314/1391/396 300/1392/396
f 315/1393/397 313/1394/397 299/1395/397
f 313/1396/398 315/1397/398 316/1398/398 314/1399/398
f 314/1400/399 316/1401/399 300/1402/399
f 317/1403/400 315/1404/400 299/1405/400
f 315/1406/401 317/1407/401 318/1408/401 316/1409/401
f 316/1410/402 318/1411/402 300/1412/402
f 319/1413/403 317/1414/403 299/1415/403
f 317/1416/404 319/1417/404 320/1418/404 318/1419/404
f 318/1420/405 320/1421/405 300/1422/405
f 321/1423/406 319/1424/406 299/1425/406
f 319/1426/407 321/1427/407 322/1428/407 320/1429/407
f 320/1430/408 322/1431/408 300/1432/408
f 323/1433/409 321/1434/409 299/1435/409
f 321/1436/410 323/1437/410 324/1438/410 322/1439/410
f 322/1440/411 324/1441/411 300/1442/411
f 325/1443/412 323/1444/412 299/1445/412
f 323/1446/413 325/1447/413 326/1448/413 324/1449/413
f 324/1450/414 326/1451/414 300/1452/414
f 327/1453/415 325/1454/415 299/1455/415
f 325/1456/416 327/1457/416 328/1458/416 326/1459/416
f 326/1460/417 328/1461/417 300/1462/417
f 329/1463/418 327/1464/418 299/1465/418
f 327/1466/419 329/1467/419 330/1468/419 328/1469/419
f 328/1470/420 330/1471/420 300/1472/420
f 331/1473/421 329/1474/421 299/1475/421
f 329/1476/422 331/1477/422 332/1478/422 330/1479/422
f 330/1480/423 332/1481/423 300/1482/423
f 333/1483/424 331/1484/424 299/1485/424
f 331/1486/425 333/1487/425 334/1488/425 332/1489/425
f 332/1490/426 334/1491/426 300/1492/426
f 335/1493/427 333/1494/427 299/1495/427
f 333/1496/428 335/1497/428 336/1498/428 334/1499/428
f 334/1500/429 336/1501/429 300/1502/429
f 301/1503/430 335/1504/430 299/1505/430
f 335/1506/431 301/1507/431 302/1508/431 336/1509/431
f 336/1510/432 302/1511/432 300/1512/432
o cylinder
v -0.06429057083183749 -0.0924935993303531 0.024830672144909402
v 0.0411935854129855 0.04977359559689799 -0.0367273332552765
v 0.0673180753256414 -0.037083617351747186 0.37841018727073894
v 0.17280223157046437 0.10518357757550391 0.31685218187055303
v 0.16231081418646526 -0.12650434023757082 0.3345262685561439
v 0.26779497043128825 0.01576285468968028 0.272968263155958
v 0.2299718049420333 -0.21182263734265927 0.2532885440382573
v 0.3354559611868562 -0.06955544241540816 0.19173053863807138
v 0.2621404525697052 -0.28274802227133966 0.14449566053172538
v 0.3676246088145282 -0.14048082734408854 0.08293765513153947
v 0.2549365236367793 -0.330725921168802 0.02126909705766459
v 0.3604206798816023 -0.1884587262415509 -0.040288908342521315
v 0.2092294618346492 -0.34996975926621354 -0.10152789198119326
v 0.3147136180794722 -0.20770256433896242 -0.16308589738137916
v 0.13053180641222634 -0.3381580042499456 -0.20908385459410417
v 0.2360159626570493 -0.19589080932269445 -0.2706418599942901
v 0.02833563949178372 -0.29671555405257194 -0.2884265049417482
v 0.13381979573660674 -0.15444835912532084 -0.3499845103419341
v -0.08503291393922159 -0.23064072125390736 -0.32998576387454115
v 0.020451242305601386 -0.08837352632665628 -0.39154376927472706
v -0.19589921698931634 -0.147903581308959 -0.32874884298092016
v -0.09041506074449339 -0.005636386381707919 -0.3903068483811061
v -0.2908919558501402 -0.058482858423135387 -0.28486492426632515
v -0.18540779960531723 0.08378433650411571 -0.34642292966651106
v -0.3585529466057082 0.026835438681953056 -0.20362719974843846
v -0.25306879036088525 0.1691026336092042 -0.2651852051486244
v -0.39072159423338015 0.09776082361063344 -0.09483431624190658
v -0.28523743798855716 0.24002801853788458 -0.15639232164209246
v -0.3835176653004543 0.14573872250809583 0.028392247232154222
v -0.2780335090556313 0.2880059174353469 -0.03316575816803168
v -0.33781060349832415 0.16498256060550734 0.15118923627101208
v -0.23232644725350116 0.30724975553275846 0.08963123087082615
v -0.2591129480759013 0.15317080558923937 0.25874519888392294
v -0.1536287918310783 0.2954380005164905 0.1971871934837371
v -0.1569167811554587 0.11172835539186575 0.338087849231567
v -0.051432624910635716 0.25399555031911686 0.2765298438313811
v -0.04354822772445338 0.04565352259320117 0.3796471081643599
v 0.061935928520369596 0.18792071752045228 0.318089102764174
vt 0.2138546875 0.9830390625
vt 0.1673328125 1
vt 0.142578125 0.859375
vt 0.1810046875 0.375
vt 0.230521875 0.375
vt 0.230521875 0.40625
vt 0.1810046875 0.40625
vt 0.3860828125 0.484375
vt 0.4326046875 0.5013359374999999
vt 0.361328125 0.625
vt 0.2517796875 0.9511609375
vt 0.2138546875 0.9830390625
vt 0.142578125 0.859375
vt 0.230521875 0.375
vt 0.2800640625 0.375
vt 0.2800640625 0.40625
vt 0.230521875 0.40625
vt 0.4326046875 0.5013359374999999
vt 0.4705296875 0.5332140624999999
vt 0.361328125 0.625
vt 0.276534375 0.9082140625
vt 0.2517796875 0.9511609375
vt 0.142578125 0.859375
vt 0.28125 0.375
vt 0.3308203125 0.375
vt 0.3308203125 0.40625
vt 0.28125 0.40625
vt 0.4705296875 0.5332140624999999
vt 0.495284375 0.5761609375000001
vt 0.361328125 0.625
vt 0.28513125 0.859375
vt 0.276534375 0.9082140625
vt 0.142578125 0.859375
vt 0.3308203125 0.375
vt 0.3804109375 0.375
vt 0.3804109375 0.40625
vt 0.3308203125 0.40625
vt 0.495284375 0.5761609375000001
vt 0.50388125 0.625
vt 0.361328125 0.625
vt 0.276534375 0.8105359375
vt 0.28513125 0.859375
vt 0.142578125 0.859375
vt 0.3804109375 0.375
vt 0.4300015625 0.375
vt 0.4300015625 0.40625
vt 0.3804109375 0.40625
vt 0.50388125 0.625
vt 0.495284375 0.6738390624999999
vt 0.361328125 0.625
vt 0.2517796875 0.7675890625
vt 0.276534375 0.8105359375
vt 0.142578125 0.859375
vt 0.4300015625 0.375
vt 0.479571875 0.375
vt 0.479571875 0.40625
vt 0.4300015625 0.40625
vt 0.495284375 0.6738390624999999
vt 0.4705296875 0.7167859375000001
vt 0.361328125 0.625
vt 0.2138546875 0.7357109374999999
vt 0.2517796875 0.7675890625
vt 0.142578125 0.859375
vt 0.4855609375 0.375
vt 0.535103125 0.375
vt 0.535103125 0.40625
vt 0.4855609375 0.40625
vt 0.4705296875 0.7167859375000001
vt 0.4326046875 0.7486640625000001
vt 0.361328125 0.625
vt 0.1673328125 0.71875
vt 0.2138546875 0.7357109374999999
vt 0.142578125 0.859375
vt 0.535103125 0.375
vt 0.5846203125 0.375
vt 0.5846203125 0.40625
vt 0.535103125 0.40625
vt 0.4326046875 0.7486640625000001
vt 0.3860828125 0.765625
vt 0.361328125 0.625
vt 0.1178234375 0.71875
vt 0.1673328125 0.71875
vt 0.142578125 0.859375
vt 0.5846203125 0.375
vt 0.6341296875 0.375
vt 0.6341296875 0.40625
vt 0.5846203125 0.40625
vt 0.3860828125 0.765625
vt 0.3365734375 0.765625
vt 0.361328125 0.625
vt 0.0713015625 0.7357109374999999
vt 0.1178234375 0.71875
vt 0.142578125 0.859375
vt 0.6341296875 0.375
vt 0.683646875 0.375
vt 0.683646875 0.40625
vt 0.6341296875 0.40625
vt 0.3365734375 0.765625
vt 0.2900515625 0.7486640625000001
vt 0.361328125 0.625
vt 0.0333765625 0.7675890625
vt 0.0713015625 0.7357109374999999
vt 0.142578125 0.859375
vt 0.683646875 0.375
vt 0.7331890625 0.375
vt 0.7331890625 0.40625
vt 0.683646875 0.40625
vt 0.2900515625 0.7486640625000001
vt 0.2521265625 0.7167859375000001
vt 0.361328125 0.625
vt 0.008621875 0.8105359375
vt 0.0333765625 0.7675890625
vt 0.142578125 0.859375
vt 0.734375 0.375
vt 0.7839453125 0.375
vt 0.7839453125 0.40625
vt 0.734375 0.40625
vt 0.2521265625 0.7167859375000001
vt 0.227371875 0.6738390624999999
vt 0.361328125 0.625
vt 0.000025 0.859375
vt 0.008621875 0.8105359375
vt 0.142578125 0.859375
vt 0.7839453125 0.375
vt 0.8335359375 0.375
vt 0.8335359375 0.40625
vt 0.7839453125 0.40625
vt 0.227371875 0.6738390624999999
vt 0.218775 0.625
vt 0.361328125 0.625
vt 0.008621875 0.9082140625
vt 0.000025 0.859375
vt 0.142578125 0.859375
vt 0.8335359375 0.375
vt 0.8831265625 0.375
vt 0.8831265625 0.40625
vt 0.8335359375 0.40625
vt 0.218775 0.625
vt 0.227371875 0.5761609375000001
vt 0.361328125 0.625
vt 0.0333765625 0.9511609375
vt 0.008621875 0.9082140625
vt 0.142578125 0.859375
vt 0.8831265625 0.375
vt 0.932696875 0.375
vt 0.932696875 0.40625
vt 0.8831265625 0.40625
vt 0.227371875 0.5761609375000001
vt 0.2521265625 0.5332140624999999
vt 0.361328125 0.625
vt 0.0713015625 0.9830390625
vt 0.0333765625 0.9511609375
vt 0.142578125 0.859375
vt 0.0324359375 0.375
vt 0.081978125 0.375
vt 0.081978125 0.40625
vt 0.0324359375 0.40625
vt 0.2521265625 0.5332140624999999
vt 0.2900515625 0.5013359374999999
vt 0.361328125 0.625
vt 0.1178234375 1
vt 0.0713015625 0.9830390625
vt 0.142578125 0.859375
vt 0.081978125 0.375
vt 0.1314953125 0.375
vt 0.1314953125 0.40625
vt 0.081978125 0.40625
vt 0.2900515625 0.5013359374999999
vt 0.3365734375 0.484375
vt 0.361328125 0.625
vt 0.1673328125 1
vt 0.1178234375 1
vt 0.142578125 0.859375
vt 0.1314953125 0.375
vt 0.1810046875 0.375
vt 0.1810046875 0.40625
vt 0.1314953125 0.40625
vt 0.3365734375 0.484375
vt 0.3860828125 0.484375
vt 0.361328125 0.625
vn -0.562582166639056 -0.7587583729453392 0.32830936213432477
vn 0.4552002994351264 0.04721427512467026 0.8891363785261648
vn 0.562582166639056 0.7587583729453392 -0.32830936213432477
vn -0.562582166639056 -0.7587583729453392 0.32830936213432477
vn 0.6598954279409371 -0.1728977643507406 0.7311938096463642
vn 0.562582166639056 0.7587583729453392 -0.32830936213432477
vn -0.562582166639056 -0.7587583729453392 0.32830936213432477
vn 0.7910079997704615 -0.37851666645906984 0.4806573389763716
vn 0.562582166639056 0.7587583729453392 -0.32830936213432477
vn -0.562582166639056 -0.7587583729453392 0.32830936213432477
vn 0.8249498811442025 -0.541330771102202 0.16253827197943754
vn 0.562582166639056 0.7587583729453392 -0.32830936213432477
vn -0.562582166639056 -0.7587583729453392 0.32830936213432477
vn 0.7512553550910609 -0.634957331094472 -0.18012378836896892
vn 0.562582166639056 0.7587583729453392 -0.32830936213432477
vn -0.562582166639056 -0.7587583729453392 0.32830936213432477
vn 0.5809711166644321 -0.6453618704371172 -0.49596433116463995
vn 0.562582166639056 0.7587583729453392 -0.32830936213432477
vn -0.562582166639056 -0.7587583729453392 0.32830936213432477
vn 0.3429810672536205 -0.5755274166794162 -0.7423827719956094
vn 0.562582166639056 0.7587583729453392 -0.32830936213432477
vn -0.562582166639056 -0.7587583729453392 0.32830936213432477
vn 0.07149276250167762 -0.4402739909682521 -0.8950126243728445
vn 0.562582166639056 0.7587583729453392 -0.32830936213432477
vn -0.562582166639056 -0.7587583729453392 0.32830936213432477
vn -0.20313465235315076 -0.25807613853621364 -0.9445279348603735
vn 0.562582166639056 0.7587583729453392 -0.32830936213432477
vn -0.562582166639056 -0.7587583729453392 0.32830936213432477
vn -0.4552002994351264 -0.04721427512467026 -0.8891363785261648
vn 0.562582166639056 0.7587583729453392 -0.32830936213432477
vn -0.562582166639056 -0.7587583729453392 0.32830936213432477
vn -0.6598954279409371 0.1728977643507406 -0.7311938096463642
vn 0.562582166639056 0.7587583729453392 -0.32830936213432477
vn -0.562582166639056 -0.7587583729453392 0.32830936213432477
vn -0.7910079997704615 0.37851666645906984 -0.4806573389763716
vn 0.562582166639056 0.7587583729453392 -0.32830936213432477
vn -0.562582166639056 -0.7587583729453392 0.32830936213432477
vn -0.8249498811442025 0.541330771102202 -0.16253827197943754
vn 0.562582166639056 0.7587583729453392 -0.32830936213432477
vn -0.562582166639056 -0.7587583729453392 0.32830936213432477
vn -0.7512553550910609 0.634957331094472 0.18012378836896892
vn 0.562582166639056 0.7587583729453392 -0.32830936213432477
vn -0.562582166639056 -0.7587583729453392 0.32830936213432477
vn -0.5809711166644321 0.6453618704371172 0.49596433116463995
vn 0.562582166639056 0.7587583729453392 -0.32830936213432477
vn -0.562582166639056 -0.7587583729453392 0.32830936213432477
vn -0.3429810672536205 0.5755274166794162 0.7423827719956094
vn 0.562582166639056 0.7587583729453392 -0.32830936213432477
vn -0.562582166639056 -0.7587583729453392 0.32830936213432477
vn -0.07149276250167762 0.4402739909682521 0.8950126243728445
vn 0.562582166639056 0.7587583729453392 -0.32830936213432477
vn -0.562582166639056 -0.7587583729453392 0.32830936213432477
vn 0.20313465235315076 0.25807613853621364 0.9445279348603735
vn 0.562582166639056 0.7587583729453392 -0.32830936213432477
usemtl m_e058fce8-0043-d235-134a-03cef65e020c
f 341/1513/433 339/1514/433 337/1515/433
f 339/1516/434 341/1517/434 342/1518/434 340/1519/434
f 340/1520/435 342/1521/435 338/1522/435
f 343/1523/436 341/1524/436 337/1525/436
f 341/1526/437 343/1527/437 344/1528/437 342/1529/437
f 342/1530/438 344/1531/438 338/1532/438
f 345/1533/439 343/1534/439 337/1535/439
f 343/1536/440 345/1537/440 346/1538/440 344/1539/440
f 344/1540/441 346/1541/441 338/1542/441
f 347/1543/442 345/1544/442 337/1545/442
f 345/1546/443 347/1547/443 348/1548/443 346/1549/443
f 346/1550/444 348/1551/444 338/1552/444
f 349/1553/445 347/1554/445 337/1555/445
f 347/1556/446 349/1557/446 350/1558/446 348/1559/446
f 348/1560/447 350/1561/447 338/1562/447
f 351/1563/448 349/1564/448 337/1565/448
f 349/1566/449 351/1567/449 352/1568/449 350/1569/449
f 350/1570/450 352/1571/450 338/1572/450
f 353/1573/451 351/1574/451 337/1575/451
f 351/1576/452 353/1577/452 354/1578/452 352/1579/452
f 352/1580/453 354/1581/453 338/1582/453
f 355/1583/454 353/1584/454 337/1585/454
f 353/1586/455 355/1587/455 356/1588/455 354/1589/455
f 354/1590/456 356/1591/456 338/1592/456
f 357/1593/457 355/1594/457 337/1595/457
f 355/1596/458 357/1597/458 358/1598/458 356/1599/458
f 356/1600/459 358/1601/459 338/1602/459
f 359/1603/460 357/1604/460 337/1605/460
f 357/1606/461 359/1607/461 360/1608/461 358/1609/461
f 358/1610/462 360/1611/462 338/1612/462
f 361/1613/463 359/1614/463 337/1615/463
f 359/1616/464 361/1617/464 362/1618/464 360/1619/464
f 360/1620/465 362/1621/465 338/1622/465
f 363/1623/466 361/1624/466 337/1625/466
f 361/1626/467 363/1627/467 364/1628/467 362/1629/467
f 362/1630/468 364/1631/468 338/1632/468
f 365/1633/469 363/1634/469 337/1635/469
f 363/1636/470 365/1637/470 366/1638/470 364/1639/470
f 364/1640/471 366/1641/471 338/1642/471
f 367/1643/472 365/1644/472 337/1645/472
f 365/1646/473 367/1647/473 368/1648/473 366/1649/473
f 366/1650/474 368/1651/474 338/1652/474
f 369/1653/475 367/1654/475 337/1655/475
f 367/1656/476 369/1657/476 370/1658/476 368/1659/476
f 368/1660/477 370/1661/477 338/1662/477
f 371/1663/478 369/1664/478 337/1665/478
f 369/1666/479 371/1667/479 372/1668/479 370/1669/479
f 370/1670/480 372/1671/480 338/1672/480
f 373/1673/481 371/1674/481 337/1675/481
f 371/1676/482 373/1677/482 374/1678/482 372/1679/482
f 372/1680/483 374/1681/483 338/1682/483
f 339/1683/484 373/1684/484 337/1685/484
f 373/1686/485 339/1687/485 340/1688/485 374/1689/485
f 374/1690/486 340/1691/486 338/1692/486
o cylinder
v -0.015566322649448617 -0.0647115756604646 -0.02128177799699149
v 0.038101057163344804 0.017749640689626638 0.055821789638318506
v 0.34323398662898374 -0.010520039837291268 -0.3289792446961458
v 0.3969013664417772 0.07194117651279995 -0.2518756770608358
v 0.2412606494745151 0.1052665319611446 -0.3818336048333413
v 0.29492802928730855 0.18772774831123584 -0.30473003719803127
v 0.10831036502290417 0.2005510154462852 -0.39119998070594897
v 0.1619777448356976 0.28301223179637636 -0.31409641307063896
v -0.03958167353281542 0.2638409967479678 -0.35594857215371895
v 0.014085706279977982 0.346302213098059 -0.27884500451840893
v -0.18457683150367002 0.28750293662082005 -0.2803318653069441
v -0.13090945169087662 0.36996415297091123 -0.20322829767163408
v -0.30918661793856383 0.26868217088035296 -0.17346957312919203
v -0.2555192381257705 0.35114338723044414 -0.09636600549388205
v -0.3983819828112478 0.2096494609247944 -0.04825110545456466
v -0.34471460299845436 0.2921106772748856 0.02885246218074535
v -0.44140380362763376 0.11752482899921085 0.08021996152940569
v -0.3877364238148403 0.1999860453493021 0.1573235291647157
v -0.43306330561091666 0.003419579773603111 0.19644862957976553
v -0.3793959257981232 0.08588079612369433 0.2735521972150755
v -0.374366631927881 -0.1189031114836379 0.28641568870216283
v -0.32069925211508754 -0.03644189513354668 0.36351925633747284
v -0.27239329477341234 -0.2346896832820738 0.3392700488393583
v -0.21872591496061888 -0.15222846693198255 0.4163736164746683
v -0.1394430103218014 -0.32997416676721436 0.348636424711966
v -0.08577563050900797 -0.24751295041712315 0.425739992347276
v 0.008449028233918209 -0.39326414806889687 0.31338501615973596
v 0.06211640804671161 -0.3108029317188057 0.390488583795046
v 0.15344418620477282 -0.41692608794174923 0.2377683093129611
v 0.20711156601756622 -0.33446487159165805 0.3148718769482711
v 0.2780539726396667 -0.39810532220128203 0.13090601713520905
v 0.33172135245246004 -0.31564410585119085 0.20800958477051906
v 0.36724933751235056 -0.3390726122457236 0.005687549460581663
v 0.420916717325144 -0.2566113958956323 0.08279111709589168
v 0.4102711583287365 -0.24694798032014004 -0.12278351752338867
v 0.46393853814152997 -0.1644867639700488 -0.04567994988807867
v 0.4019306603120194 -0.13284273109453226 -0.23901218557374848
v 0.45559804012481286 -0.05038151474444106 -0.1619086179384385
vt 0.2138546875 0.9830390625
vt 0.1673328125 1
vt 0.142578125 0.859375
vt 0.6185046875 0.375
vt 0.668021875 0.375
vt 0.668021875 0.40625
vt 0.6185046875 0.40625
vt 0.3860828125 0.484375
vt 0.4326046875 0.5013359374999999
vt 0.361328125 0.625
vt 0.2517796875 0.9511609375
vt 0.2138546875 0.9830390625
vt 0.142578125 0.859375
vt 0.668021875 0.375
vt 0.7175640625 0.375
vt 0.7175640625 0.40625
vt 0.668021875 0.40625
vt 0.4326046875 0.5013359374999999
vt 0.4705296875 0.5332140624999999
vt 0.361328125 0.625
vt 0.276534375 0.9082140625
vt 0.2517796875 0.9511609375
vt 0.142578125 0.859375
vt 0.71875 0.375
vt 0.7683203125 0.375
vt 0.7683203125 0.40625
vt 0.71875 0.40625
vt 0.4705296875 0.5332140624999999
vt 0.495284375 0.5761609375000001
vt 0.361328125 0.625
vt 0.28513125 0.859375
vt 0.276534375 0.9082140625
vt 0.142578125 0.859375
vt 0.7683203125 0.375
vt 0.8179109375 0.375
vt 0.8179109375 0.40625
vt 0.7683203125 0.40625
vt 0.495284375 0.5761609375000001
vt 0.50388125 0.625
vt 0.361328125 0.625
vt 0.276534375 0.8105359375
vt 0.28513125 0.859375
vt 0.142578125 0.859375
vt 0.8179109375 0.375
vt 0.8675015625 0.375
vt 0.8675015625 0.40625
vt 0.8179109375 0.40625
vt 0.50388125 0.625
vt 0.495284375 0.6738390624999999
vt 0.361328125 0.625
vt 0.2517796875 0.7675890625
vt 0.276534375 0.8105359375
vt 0.142578125 0.859375
vt 0.8675015625 0.375
vt 0.917071875 0.375
vt 0.917071875 0.40625
vt 0.8675015625 0.40625
vt 0.495284375 0.6738390624999999
vt 0.4705296875 0.7167859375000001
vt 0.361328125 0.625
vt 0.2138546875 0.7357109374999999
vt 0.2517796875 0.7675890625
vt 0.142578125 0.859375
vt 0.0168109375 0.375
vt 0.066353125 0.375
vt 0.066353125 0.40625
vt 0.0168109375 0.40625
vt 0.4705296875 0.7167859375000001
vt 0.4326046875 0.7486640625000001
vt 0.361328125 0.625
vt 0.1673328125 0.71875
vt 0.2138546875 0.7357109374999999
vt 0.142578125 0.859375
vt 0.066353125 0.375
vt 0.1158703125 0.375
vt 0.1158703125 0.40625
vt 0.066353125 0.40625
vt 0.4326046875 0.7486640625000001
vt 0.3860828125 0.765625
vt 0.361328125 0.625
vt 0.1178234375 0.71875
vt 0.1673328125 0.71875
vt 0.142578125 0.859375
vt 0.1158703125 0.375
vt 0.1653796875 0.375
vt 0.1653796875 0.40625
vt 0.1158703125 0.40625
vt 0.3860828125 0.765625
vt 0.3365734375 0.765625
vt 0.361328125 0.625
vt 0.0713015625 0.7357109374999999
vt 0.1178234375 0.71875
vt 0.142578125 0.859375
vt 0.1653796875 0.375
vt 0.214896875 0.375
vt 0.214896875 0.40625
vt 0.1653796875 0.40625
vt 0.3365734375 0.765625
vt 0.2900515625 0.7486640625000001
vt 0.361328125 0.625
vt 0.0333765625 0.7675890625
vt 0.0713015625 0.7357109374999999
vt 0.142578125 0.859375
vt 0.214896875 0.375
vt 0.2644390625 0.375
vt 0.2644390625 0.40625
vt 0.214896875 0.40625
vt 0.2900515625 0.7486640625000001
vt 0.2521265625 0.7167859375000001
vt 0.361328125 0.625
vt 0.008621875 0.8105359375
vt 0.0333765625 0.7675890625
vt 0.142578125 0.859375
vt 0.265625 0.375
vt 0.3151953125 0.375
vt 0.3151953125 0.40625
vt 0.265625 0.40625
vt 0.2521265625 0.7167859375000001
vt 0.227371875 0.6738390624999999
vt 0.361328125 0.625
vt 0.000025 0.859375
vt 0.008621875 0.8105359375
vt 0.142578125 0.859375
vt 0.3151953125 0.375
vt 0.3647859375 0.375
vt 0.3647859375 0.40625
vt 0.3151953125 0.40625
vt 0.227371875 0.6738390624999999
vt 0.218775 0.625
vt 0.361328125 0.625
vt 0.008621875 0.9082140625
vt 0.000025 0.859375
vt 0.142578125 0.859375
vt 0.3647859375 0.375
vt 0.4143765625 0.375
vt 0.4143765625 0.40625
vt 0.3647859375 0.40625
vt 0.218775 0.625
vt 0.227371875 0.5761609375000001
vt 0.361328125 0.625
vt 0.0333765625 0.9511609375
vt 0.008621875 0.9082140625
vt 0.142578125 0.859375
vt 0.4143765625 0.375
vt 0.463946875 0.375
vt 0.463946875 0.40625
vt 0.4143765625 0.40625
vt 0.227371875 0.5761609375000001
vt 0.2521265625 0.5332140624999999
vt 0.361328125 0.625
vt 0.0713015625 0.9830390625
vt 0.0333765625 0.9511609375
vt 0.142578125 0.859375
vt 0.4699359375 0.375
vt 0.519478125 0.375
vt 0.519478125 0.40625
vt 0.4699359375 0.40625
vt 0.2521265625 0.5332140624999999
vt 0.2900515625 0.5013359374999999
vt 0.361328125 0.625
vt 0.1178234375 1
vt 0.0713015625 0.9830390625
vt 0.142578125 0.859375
vt 0.519478125 0.375
vt 0.5689953125 0.375
vt 0.5689953125 0.40625
vt 0.519478125 0.40625
vt 0.2900515625 0.5013359374999999
vt 0.3365734375 0.484375
vt 0.361328125 0.625
vt 0.1673328125 1
vt 0.1178234375 1
vt 0.142578125 0.859375
vt 0.5689953125 0.375
vt 0.6185046875 0.375
vt 0.6185046875 0.40625
vt 0.5689953125 0.40625
vt 0.3365734375 0.484375
vt 0.3860828125 0.484375
vt 0.361328125 0.625
vn -0.42933903850234734 -0.6596897308007299 -0.61682854108248
vn 0.6517094086369211 0.24653490392995442 -0.7172833386036251
vn 0.42933903850234734 0.6596897308007299 0.61682854108248
vn -0.42933903850234734 -0.6596897308007299 -0.61682854108248
vn 0.3964488932349199 0.47599789309259055 -0.7850186499849683
vn 0.42933903850234734 0.6596897308007299 0.61682854108248
vn -0.42933903850234734 -0.6596897308007299 -0.61682854108248
vn 0.09584546559882044 0.6458416111887194 -0.7574313566134588
vn 0.42933903850234734 0.6596897308007299 0.61682854108248
vn -0.42933903850234734 -0.6596897308007299 -0.61682854108248
vn -0.21356857615574834 0.7377681153237577 -0.6403800990743208
vn 0.42933903850234734 0.6596897308007299 0.61682854108248
vn -0.42933903850234734 -0.6596897308007299 -0.61682854108248
vn -0.49691046217316187 0.7428559575079291 -0.44860340945854676
vn 0.42933903850234734 0.6596897308007299 0.61682854108248
vn -0.42933903850234734 -0.6596897308007299 -0.61682854108248
vn -0.7227141287203985 0.6605401158566088 -0.20339873031081926
vn 0.42933903850234734 0.6596897308007299 0.61682854108248
vn -0.42933903850234734 -0.6596897308007299 -0.61682854108248
vn -0.8641267961520217 0.49863348100001903 0.06818747537375294
vn 0.42933903850234734 0.6596897308007299 0.61682854108248
vn -0.42933903850234734 -0.6596897308007299 -0.61682854108248
vn -0.9016943358323376 0.27442867287195516 0.33412008056029413
vn 0.42933903850234734 0.6596897308007299 0.61682854108248
vn -0.42933903850234734 -0.6596897308007299 -0.61682854108248
vn -0.8280504450558935 0.014868927584954086 0.5604563992276387
vn 0.42933903850234734 0.6596897308007299 0.61682854108248
vn -0.42933903850234734 -0.6596897308007299 -0.61682854108248
vn -0.6517094086369211 -0.24653490392995442 0.7172833386036251
vn 0.42933903850234734 0.6596897308007299 0.61682854108248
vn -0.42933903850234734 -0.6596897308007299 -0.61682854108248
vn -0.3964488932349199 -0.47599789309259055 0.7850186499849683
vn 0.42933903850234734 0.6596897308007299 0.61682854108248
vn -0.42933903850234734 -0.6596897308007299 -0.61682854108248
vn -0.09584546559882044 -0.6458416111887194 0.7574313566134588
vn 0.42933903850234734 0.6596897308007299 0.61682854108248
vn -0.42933903850234734 -0.6596897308007299 -0.61682854108248
vn 0.21356857615574834 -0.7377681153237577 0.6403800990743208
vn 0.42933903850234734 0.6596897308007299 0.61682854108248
vn -0.42933903850234734 -0.6596897308007299 -0.61682854108248
vn 0.49691046217316187 -0.7428559575079291 0.44860340945854676
vn 0.42933903850234734 0.6596897308007299 0.61682854108248
vn -0.42933903850234734 -0.6596897308007299 -0.61682854108248
vn 0.7227141287203985 -0.6605401158566088 0.20339873031081926
vn 0.42933903850234734 0.6596897308007299 0.61682854108248
vn -0.42933903850234734 -0.6596897308007299 -0.61682854108248
vn 0.8641267961520217 -0.49863348100001903 -0.06818747537375294
vn 0.42933903850234734 0.6596897308007299 0.61682854108248
vn -0.42933903850234734 -0.6596897308007299 -0.61682854108248
vn 0.9016943358323376 -0.27442867287195516 -0.33412008056029413
vn 0.42933903850234734 0.6596897308007299 0.61682854108248
vn -0.42933903850234734 -0.6596897308007299 -0.61682854108248
vn 0.8280504450558935 -0.014868927584954086 -0.5604563992276387
vn 0.42933903850234734 0.6596897308007299 0.61682854108248
usemtl m_ad4e6950-c92a-085a-4b7a-01773908b222
f 379/1693/487 377/1694/487 375/1695/487
f 377/1696/488 379/1697/488 380/1698/488 378/1699/488
f 378/1700/489 380/1701/489 376/1702/489
f 381/1703/490 379/1704/490 375/1705/490
f 379/1706/491 381/1707/491 382/1708/491 380/1709/491
f 380/1710/492 382/1711/492 376/1712/492
f 383/1713/493 381/1714/493 375/1715/493
f 381/1716/494 383/1717/494 384/1718/494 382/1719/494
f 382/1720/495 384/1721/495 376/1722/495
f 385/1723/496 383/1724/496 375/1725/496
f 383/1726/497 385/1727/497 386/1728/497 384/1729/497
f 384/1730/498 386/1731/498 376/1732/498
f 387/1733/499 385/1734/499 375/1735/499
f 385/1736/500 387/1737/500 388/1738/500 386/1739/500
f 386/1740/501 388/1741/501 376/1742/501
f 389/1743/502 387/1744/502 375/1745/502
f 387/1746/503 389/1747/503 390/1748/503 388/1749/503
f 388/1750/504 390/1751/504 376/1752/504
f 391/1753/505 389/1754/505 375/1755/505
f 389/1756/506 391/1757/506 392/1758/506 390/1759/506
f 390/1760/507 392/1761/507 376/1762/507
f 393/1763/508 391/1764/508 375/1765/508
f 391/1766/509 393/1767/509 394/1768/509 392/1769/509
f 392/1770/510 394/1771/510 376/1772/510
f 395/1773/511 393/1774/511 375/1775/511
f 393/1776/512 395/1777/512 396/1778/512 394/1779/512
f 394/1780/513 396/1781/513 376/1782/513
f 397/1783/514 395/1784/514 375/1785/514
f 395/1786/515 397/1787/515 398/1788/515 396/1789/515
f 396/1790/516 398/1791/516 376/1792/516
f 399/1793/517 397/1794/517 375/1795/517
f 397/1796/518 399/1797/518 400/1798/518 398/1799/518
f 398/1800/519 400/1801/519 376/1802/519
f 401/1803/520 399/1804/520 375/1805/520
f 399/1806/521 401/1807/521 402/1808/521 400/1809/521
f 400/1810/522 402/1811/522 376/1812/522
f 403/1813/523 401/1814/523 375/1815/523
f 401/1816/524 403/1817/524 404/1818/524 402/1819/524
f 402/1820/525 404/1821/525 376/1822/525
f 405/1823/526 403/1824/526 375/1825/526
f 403/1826/527 405/1827/527 406/1828/527 404/1829/527
f 404/1830/528 406/1831/528 376/1832/528
f 407/1833/529 405/1834/529 375/1835/529
f 405/1836/530 407/1837/530 408/1838/530 406/1839/530
f 406/1840/531 408/1841/531 376/1842/531
f 409/1843/532 407/1844/532 375/1845/532
f 407/1846/533 409/1847/533 410/1848/533 408/1849/533
f 408/1850/534 410/1851/534 376/1852/534
f 411/1853/535 409/1854/535 375/1855/535
f 409/1856/536 411/1857/536 412/1858/536 410/1859/536
f 410/1860/537 412/1861/537 376/1862/537
f 377/1863/538 411/1864/538 375/1865/538
f 411/1866/539 377/1867/539 378/1868/539 412/1869/539
f 412/1870/540 378/1871/540 376/1872/540
o cylinder
v -0.03575027077174673 -0.07467431503683722 -0.06377110921399676
v -0.0223156266843162 0.05330489580833145 0.07260000917142942
v 0.30625020983289886 0.11507053065113038 -0.2755318595080573
v 0.31968485392032936 0.24304974149629904 -0.1391607411226311
v 0.18712918442412463 0.19789041491780612 -0.34151998776852344
v 0.20056382851155513 0.3258696257629748 -0.20514886938309726
v 0.04112576748039901 0.24783459100678545 -0.37400716212365803
v 0.054560411567829516 0.3758138018519542 -0.23763604373823186
v -0.1141507269030329 0.25887947554430063 -0.3690752613065273
v -0.1007160828156024 0.38685868638946924 -0.2327041429211011
v -0.25997021441285073 0.22969303276640637 -0.32731941962086547
v -0.24653557032542026 0.35767224361157507 -0.1909483012354393
v -0.3787455304093824 0.16379548113991482 -0.2537758359844314
v -0.3653108863219519 0.2917746919850835 -0.11740471759900512
v -0.4561512075076785 0.06913462985633304 -0.1573145110124667
v -0.44271656342024795 0.1971138407015017 -0.020943392627040557
v -0.48284997370132465 -0.042871284397753576 -0.04957089849703961
v -0.46941532961389415 0.08510792644741509 0.08680021988838654
v -0.45562156866152814 -0.15871342490370788 0.05646021692522998
v -0.44218692457409764 -0.030734214058539225 0.19283133531065616
v -0.3777507513763923 -0.2644191607248048 0.1479896410800638
v -0.3643161072889618 -0.13643994987963615 0.28436075946548994
v -0.2586297259676181 -0.34723904499148056 0.21397776934052995
v -0.24519508188018757 -0.2192598341463119 0.35034888772595607
v -0.11262630902389245 -0.39718322108045995 0.24646494369566455
v -0.09919166493646195 -0.2692040102352912 0.38283606208109067
v 0.04265018535953947 -0.408228105617975 0.24153304287853378
v 0.05608482944696997 -0.2802488947728064 0.3779041612639599
v 0.1884696728693573 -0.37904166284008084 0.19977720119287198
v 0.20190431695678782 -0.2510624519949122 0.3361483195782981
v 0.30724498886588897 -0.31314411121358926 0.1262336175564378
v 0.32067963295331947 -0.1851649003684206 0.262604735941864
v 0.384650665964185 -0.21848325993000747 0.029772292584473233
v 0.39808531005161557 -0.0905040490848388 0.1661434109698994
v 0.4113494321578312 -0.10647734567592086 -0.07797131993095388
v 0.4247840762452617 0.021501865169247805 0.05839979845447229
v 0.3841210271180347 0.009364794830033454 -0.18400243535322347
v 0.3975556712054652 0.1373440056752021 -0.0476313169677973
vt 0.2138546875 0.9830390625
vt 0.1673328125 1
vt 0.142578125 0.859375
vt 0.1810046875 0.375
vt 0.230521875 0.375
vt 0.230521875 0.40625
vt 0.1810046875 0.40625
vt 0.3860828125 0.484375
vt 0.4326046875 0.5013359374999999
vt 0.361328125 0.625
vt 0.2517796875 0.9511609375
vt 0.2138546875 0.9830390625
vt 0.142578125 0.859375
vt 0.230521875 0.375
vt 0.2800640625 0.375
vt 0.2800640625 0.40625
vt 0.230521875 0.40625
vt 0.4326046875 0.5013359374999999
vt 0.4705296875 0.5332140624999999
vt 0.361328125 0.625
vt 0.276534375 0.9082140625
vt 0.2517796875 0.9511609375
vt 0.142578125 0.859375
vt 0.28125 0.375
vt 0.3308203125 0.375
vt 0.3308203125 0.40625
vt 0.28125 0.40625
vt 0.4705296875 0.5332140624999999
vt 0.495284375 0.5761609375000001
vt 0.361328125 0.625
vt 0.28513125 0.859375
vt 0.276534375 0.9082140625
vt 0.142578125 0.859375
vt 0.3308203125 0.375
vt 0.3804109375 0.375
vt 0.3804109375 0.40625
vt 0.3308203125 0.40625
vt 0.495284375 0.5761609375000001
vt 0.50388125 0.625
vt 0.361328125 0.625
vt 0.276534375 0.8105359375
vt 0.28513125 0.859375
vt 0.142578125 0.859375
vt 0.3804109375 0.375
vt 0.4300015625 0.375
vt 0.4300015625 0.40625
vt 0.3804109375 0.40625
vt 0.50388125 0.625
vt 0.495284375 0.6738390624999999
vt 0.361328125 0.625
vt 0.2517796875 0.7675890625
vt 0.276534375 0.8105359375
vt 0.142578125 0.859375
vt 0.4300015625 0.375
vt 0.479571875 0.375
vt 0.479571875 0.40625
vt 0.4300015625 0.40625
vt 0.495284375 0.6738390624999999
vt 0.4705296875 0.7167859375000001
vt 0.361328125 0.625
vt 0.2138546875 0.7357109374999999
vt 0.2517796875 0.7675890625
vt 0.142578125 0.859375
vt 0.4855609375 0.375
vt 0.535103125 0.375
vt 0.535103125 0.40625
vt 0.4855609375 0.40625
vt 0.4705296875 0.7167859375000001
vt 0.4326046875 0.7486640625000001
vt 0.361328125 0.625
vt 0.1673328125 0.71875
vt 0.2138546875 0.7357109374999999
vt 0.142578125 0.859375
vt 0.535103125 0.375
vt 0.5846203125 0.375
vt 0.5846203125 0.40625
vt 0.535103125 0.40625
vt 0.4326046875 0.7486640625000001
vt 0.3860828125 0.765625
vt 0.361328125 0.625
vt 0.1178234375 0.71875
vt 0.1673328125 0.71875
vt 0.142578125 0.859375
vt 0.5846203125 0.375
vt 0.6341296875 0.375
vt 0.6341296875 0.40625
vt 0.5846203125 0.40625
vt 0.3860828125 0.765625
vt 0.3365734375 0.765625
vt 0.361328125 0.625
vt 0.0713015625 0.7357109374999999
vt 0.1178234375 0.71875
vt 0.142578125 0.859375
vt 0.6341296875 0.375
vt 0.683646875 0.375
vt 0.683646875 0.40625
vt 0.6341296875 0.40625
vt 0.3365734375 0.765625
vt 0.2900515625 0.7486640625000001
vt 0.361328125 0.625
vt 0.0333765625 0.7675890625
vt 0.0713015625 0.7357109374999999
vt 0.142578125 0.859375
vt 0.683646875 0.375
vt 0.7331890625 0.375
vt 0.7331890625 0.40625
vt 0.683646875 0.40625
vt 0.2900515625 0.7486640625000001
vt 0.2521265625 0.7167859375000001
vt 0.361328125 0.625
vt 0.008621875 0.8105359375
vt 0.0333765625 0.7675890625
vt 0.142578125 0.859375
vt 0.734375 0.375
vt 0.7839453125 0.375
vt 0.7839453125 0.40625
vt 0.734375 0.40625
vt 0.2521265625 0.7167859375000001
vt 0.227371875 0.6738390624999999
vt 0.361328125 0.625
vt 0.000025 0.859375
vt 0.008621875 0.8105359375
vt 0.142578125 0.859375
vt 0.7839453125 0.375
vt 0.8335359375 0.375
vt 0.8335359375 0.40625
vt 0.7839453125 0.40625
vt 0.227371875 0.6738390624999999
vt 0.218775 0.625
vt 0.361328125 0.625
vt 0.008621875 0.9082140625
vt 0.000025 0.859375
vt 0.142578125 0.859375
vt 0.8335359375 0.375
vt 0.8831265625 0.375
vt 0.8831265625 0.40625
vt 0.8335359375 0.40625
vt 0.218775 0.625
vt 0.227371875 0.5761609375000001
vt 0.361328125 0.625
vt 0.0333765625 0.9511609375
vt 0.008621875 0.9082140625
vt 0.142578125 0.859375
vt 0.8831265625 0.375
vt 0.932696875 0.375
vt 0.932696875 0.40625
vt 0.8831265625 0.40625
vt 0.227371875 0.5761609375000001
vt 0.2521265625 0.5332140624999999
vt 0.361328125 0.625
vt 0.0713015625 0.9830390625
vt 0.0333765625 0.9511609375
vt 0.142578125 0.859375
vt 0.0324359375 0.375
vt 0.081978125 0.375
vt 0.081978125 0.40625
vt 0.0324359375 0.40625
vt 0.2521265625 0.5332140624999999
vt 0.2900515625 0.5013359374999999
vt 0.361328125 0.625
vt 0.1178234375 1
vt 0.0713015625 0.9830390625
vt 0.142578125 0.859375
vt 0.081978125 0.375
vt 0.1314953125 0.375
vt 0.1314953125 0.40625
vt 0.081978125 0.40625
vt 0.2900515625 0.5013359374999999
vt 0.3365734375 0.484375
vt 0.361328125 0.625
vt 0.1673328125 1
vt 0.1178234375 1
vt 0.142578125 0.859375
vt 0.1314953125 0.375
vt 0.1810046875 0.375
vt 0.1810046875 0.40625
vt 0.1314953125 0.40625
vt 0.3365734375 0.484375
vt 0.3860828125 0.484375
vt 0.361328125 0.625
vn -0.07165143513296286 -0.682555791174233 -0.7273126313889398
vn 0.6605196689727938 0.5139153237358067 -0.5473616783531636
vn 0.07165143513296286 0.682555791174233 0.7273126313889398
vn -0.07165143513296286 -0.682555791174233 -0.7273126313889398
vn 0.370971634609065 0.6586398450606747 -0.6546553297834892
vn 0.07165143513296286 0.682555791174233 0.7273126313889398
vn -0.07165143513296286 -0.682555791174233 -0.7273126313889398
vn 0.02996390938118755 0.7273847476705325 -0.6855753736759161
vn 0.07165143513296286 0.682555791174233 0.7273126313889398
vn -0.07165143513296286 -0.682555791174233 -0.7273126313889398
vn -0.3219441601161091 0.7059842297478237 -0.6308234500353527
vn 0.07165143513296286 0.682555791174233 0.7273126313889398
vn -0.07165143513296286 -0.682555791174233 -0.7273126313889398
vn -0.635271355538943 0.5933879092550379 -0.49428847243451757
vn 0.07165143513296286 0.682555791174233 0.7273126313889398
vn -0.07165143513296286 -0.682555791174233 -0.7273126313889398
vn -0.864789297574176 0.40584892082876134 -0.2956790900001101
vn 0.07165143513296286 0.682555791174233 0.7273126313889398
vn -0.07165143513296286 -0.682555791174233 -0.7273126313889398
vn -0.9829549413343133 0.1720968545523214 -0.06467036384352706
vn 0.07165143513296286 0.682555791174233 0.7273126313889398
vn -0.07165143513296286 -0.682555791174233 -0.7273126313889398
vn -0.9826909658604022 -0.07658391788651582 0.16868126492738117
vn 0.07165143513296286 0.682555791174233 0.7273126313889398
vn -0.07165143513296286 -0.682555791174233 -0.7273126313889398
vn -0.8707106039936306 -0.3128959492055293 0.37941951592375667
vn 0.07165143513296286 0.682555791174233 0.7273126313889398
vn -0.07165143513296286 -0.682555791174233 -0.7273126313889398
vn -0.6605196689727938 -0.5139153237358067 0.5473616783531636
vn 0.07165143513296286 0.682555791174233 0.7273126313889398
vn -0.07165143513296286 -0.682555791174233 -0.7273126313889398
vn -0.370971634609065 -0.6586398450606747 0.6546553297834892
vn 0.07165143513296286 0.682555791174233 0.7273126313889398
vn -0.07165143513296286 -0.682555791174233 -0.7273126313889398
vn -0.02996390938118755 -0.7273847476705325 0.6855753736759161
vn 0.07165143513296286 0.682555791174233 0.7273126313889398
vn -0.07165143513296286 -0.682555791174233 -0.7273126313889398
vn 0.3219441601161091 -0.7059842297478237 0.6308234500353527
vn 0.07165143513296286 0.682555791174233 0.7273126313889398
vn -0.07165143513296286 -0.682555791174233 -0.7273126313889398
vn 0.635271355538943 -0.5933879092550379 0.49428847243451757
vn 0.07165143513296286 0.682555791174233 0.7273126313889398
vn -0.07165143513296286 -0.682555791174233 -0.7273126313889398
vn 0.864789297574176 -0.40584892082876134 0.2956790900001101
vn 0.07165143513296286 0.682555791174233 0.7273126313889398
vn -0.07165143513296286 -0.682555791174233 -0.7273126313889398
vn 0.9829549413343133 -0.1720968545523214 0.06467036384352706
vn 0.07165143513296286 0.682555791174233 0.7273126313889398
vn -0.07165143513296286 -0.682555791174233 -0.7273126313889398
vn 0.9826909658604022 0.07658391788651582 -0.16868126492738117
vn 0.07165143513296286 0.682555791174233 0.7273126313889398
vn -0.07165143513296286 -0.682555791174233 -0.7273126313889398
vn 0.8707106039936306 0.3128959492055293 -0.37941951592375667
vn 0.07165143513296286 0.682555791174233 0.7273126313889398
usemtl m_c1f1f44c-f1af-95c8-1023-778975c87efe
f 417/1873/541 415/1874/541 413/1875/541
f 415/1876/542 417/1877/542 418/1878/542 416/1879/542
f 416/1880/543 418/1881/543 414/1882/543
f 419/1883/544 417/1884/544 413/1885/544
f 417/1886/545 419/1887/545 420/1888/545 418/1889/545
f 418/1890/546 420/1891/546 414/1892/546
f 421/1893/547 419/1894/547 413/1895/547
f 419/1896/548 421/1897/548 422/1898/548 420/1899/548
f 420/1900/549 422/1901/549 414/1902/549
f 423/1903/550 421/1904/550 413/1905/550
f 421/1906/551 423/1907/551 424/1908/551 422/1909/551
f 422/1910/552 424/1911/552 414/1912/552
f 425/1913/553 423/1914/553 413/1915/553
f 423/1916/554 425/1917/554 426/1918/554 424/1919/554
f 424/1920/555 426/1921/555 414/1922/555
f 427/1923/556 425/1924/556 413/1925/556
f 425/1926/557 427/1927/557 428/1928/557 426/1929/557
f 426/1930/558 428/1931/558 414/1932/558
f 429/1933/559 427/1934/559 413/1935/559
f 427/1936/560 429/1937/560 430/1938/560 428/1939/560
f 428/1940/561 430/1941/561 414/1942/561
f 431/1943/562 429/1944/562 413/1945/562
f 429/1946/563 431/1947/563 432/1948/563 430/1949/563
f 430/1950/564 432/1951/564 414/1952/564
f 433/1953/565 431/1954/565 413/1955/565
f 431/1956/566 433/1957/566 434/1958/566 432/1959/566
f 432/1960/567 434/1961/567 414/1962/567
f 435/1963/568 433/1964/568 413/1965/568
f 433/1966/569 435/1967/569 436/1968/569 434/1969/569
f 434/1970/570 436/1971/570 414/1972/570
f 437/1973/571 435/1974/571 413/1975/571
f 435/1976/572 437/1977/572 438/1978/572 436/1979/572
f 436/1980/573 438/1981/573 414/1982/573
f 439/1983/574 437/1984/574 413/1985/574
f 437/1986/575 439/1987/575 440/1988/575 438/1989/575
f 438/1990/576 440/1991/576 414/1992/576
f 441/1993/577 439/1994/577 413/1995/577
f 439/1996/578 441/1997/578 442/1998/578 440/1999/578
f 440/2000/579 442/2001/579 414/2002/579
f 443/2003/580 441/2004/580 413/2005/580
f 441/2006/581 443/2007/581 444/2008/581 442/2009/581
f 442/2010/582 444/2011/582 414/2012/582
f 445/2013/583 443/2014/583 413/2015/583
f 443/2016/584 445/2017/584 446/2018/584 444/2019/584
f 444/2020/585 446/2021/585 414/2022/585
f 447/2023/586 445/2024/586 413/2025/586
f 445/2026/587 447/2027/587 448/2028/587 446/2029/587
f 446/2030/588 448/2031/588 414/2032/588
f 449/2033/589 447/2034/589 413/2035/589
f 447/2036/590 449/2037/590 450/2038/590 448/2039/590
f 448/2040/591 450/2041/591 414/2042/591
f 415/2043/592 449/2044/592 413/2045/592
f 449/2046/593 415/2047/593 416/2048/593 450/2049/593
f 450/2050/594 416/2051/594 414/2052/594